x,multi-finetuned,multi-frozen,baseline,linear
0.0,1.9793469608926625e-07,0.00038714130912416997,0.0001632004436099749,6.717232258045329e-16
0.002,2.3127670797825038e-07,0.0004246234704242831,0.00018159386475915474,9.267070058217017e-16
0.004,2.699698273836437e-07,0.00046536322097816615,0.0002018587139322499,1.2764302225649782e-15
0.006,3.1482699951857886e-07,0.0005096053310788169,0.00022416114419166779,1.7553119884702342e-15
0.008,3.667770621581816e-07,0.0005576092679828377,0.00024867932439066463,2.4099843688535948e-15
0.01,4.2688005823164897e-07,0.0006096497446800747,0.0002756040172671387,3.303519377408883e-15
0.012,4.963443883859436e-07,0.0006660172595040357,0.00030513915495139276,4.521080902540651e-15
0.014,5.765459981651781e-07,0.0007270186232906454,0.0003375024079903189,6.177468624418384e-15
0.016,6.690498114002276e-07,0.000792977470577801,0.00037292574361618216,8.427169547229961e-15
0.018000000000000002,7.756336393453246e-07,0.0008642347511271741,0.00041165596860954845,1.1477727088527477e-14
0.02,8.983148140246998e-07,0.0009411491978447415,0.0004539552517260918,1.5607491342187126e-14
0.022,1.0393798141433106e-06,0.0010240977669795355,0.0005001016202794266,2.1189144660276362e-14
0.024,1.2014171727388686e-06,0.0011134760462932836,0.0005503894251007125,2.872082653873052e-14
0.026000000000000002,1.3873539774604457e-06,0.0012096986267191236,0.0006051297677346373,3.886723970470271e-14
0.028,1.6004962968878981e-06,0.0013131994328677147,0.0006646508833850725,5.251384205198198e-14
0.03,1.844573889573512e-06,0.001424432007596304,0.0007292984727971081,7.0838163543438e-14
0.032,2.123789576389792e-06,0.0015438697457327928,0.0007994359759602394,9.540349307431607e-14
0.034,2.4428736811794148e-06,0.0016720060719454095,0.0008754447802458533,1.282817333636166e-13
0.036000000000000004,2.8071439694752693e-06,0.0018093545576713197,0.0009577243553562006,1.7221421827590605e-13
0.038,3.2225715400134805e-06,0.0019564489719670164,0.0010466923072676596,2.308218480621145e-13
0.04,3.6958531486954263e-06,0.0021138432611222204,0.0011427843432043165,3.0887917716158124e-13
0.042,4.234490469330822e-06,0.0022821114518891757,0.0012464541395844236,4.126712794931684e-13
0.044,4.846876819644913e-06,0.0024618474732234965,0.0013581731048485917,5.504575601714573e-13
0.046,5.542391904357534e-06,0.0026536648915128917,0.0014784300291102279,7.330734844734327e-13
0.048,6.331505149303475e-06,0.0028581965543882835,0.0016077306126718715,9.74709835168645e-13
0.05,7.225888221187034e-06,0.00307609413837015,0.0017465968656313027,1.2939200630082407e-12
0.052000000000000005,8.238537346241116e-06,0.0033080275958026575,0.0018955663710639235,1.714920153867982e-12
0.054,9.383906057336366e-06,0.0035546844967711383,0.0020551914046181537,2.269262934997424e-12
0.056,1.0678049012479064e-05,0.0038167692619857528,0.0022260379038027945,2.9979907937151264e-12
0.058,1.213877753760983e-05,0.004095002282946597,0.0024086842807836953,3.954398512600207e-12
0.06,1.378582755261504e-05,0.004390118926084101,0.00260372007314502,5.207572727982968e-12
0.062,1.5641040540875458e-05,0.004702868417992925,0.002811744427810308,6.8469181078929645e-12
0.064,1.7728558218876366e-05,0.005034012609348616,0.003033364414162765,8.987934828245793e-12
0.066,2.007503155271172e-05,0.005384324615612551,0.003269193163353047,1.1779579884369584e-11
0.068,2.2709844752040263e-05,0.0057545873331921295,0.0035198478318366044,1.541362936721125e-11
0.07,2.5665354848465826e-05,0.006145591830328363,0.0037859473883402094,2.0136563913009352e-11
0.07200000000000001,2.8977147433679134e-05,0.006558135612629786,0.004068110224715922,2.6264629792006074e-11
0.074,3.268430909225023e-05,0.006993020763858811,0.0043669515924974235,3.420288923090207e-11
0.076,3.6829717013943494e-05,0.007451051963300757,0.004683080868423111,4.446927246366326e-11
0.078,4.146034621006797e-05,0.007933034381804337,0.005017098653726519,5.772488901166773e-11
0.08,4.6627594686927726e-05,0.008439771459371937,0.005369593713610307,7.481215685457217e-11
0.082,5.2387626846162554e-05,0.008972062567994524,0.005741139765005835,9.680267754838074e-11
0.084,5.880173528596123e-05,0.009530700564264858,0.006132292122466309,1.2505723746561392e-10
0.08600000000000001,6.593672106813249e-05,0.010116469237160041,0.006543584213835825,1.6130086750637104e-10
0.088,7.386529239322172e-05,0.010730140657253938,0.006975523979166492,2.0771656653860594e-10
0.09,8.266648148872575e-05,0.011372472434497233,0.007428590168206622,2.670621120816561e-10
0.092,9.242607936353897e-05,0.012044204892581222,0.007903228553639731,3.4281537455914927e-10
0.094,0.00010323708791469564,0.012746058168775427,0.00839984807909951,4.3935475339252515e-10
0.096,0.00011520018869003122,0.013478729248991295,0.008918816962803092,5.621828051020117e-10
0.098,0.00012842422741245828,0.014242888948669371,0.009460458779414307,7.182028834796741e-10
0.1,0.000143026713158179,0.015039178850907576,0.010025048544452339,9.160607162083436e-10
0.10200000000000001,0.00015913433085257031,0.015868208214036447,0.010612808827177429,1.1665653670526853e-09
0.10400000000000001,0.00017688346550404245,0.016730550861597967,0.01122390591939553,1.483207055015061e-09
0.106,0.00019642073633852162,0.01762674206838897,0.011858446089006517,1.8827929113199344e-09
0.108,0.0002179035387261252,0.01855727545688245,0.01251647194835512,2.3862260558267243e-09
0.11,0.00024150059150815972,0.019522599918933244,0.01319795896851046,3.0194584868359625e-09
0.112,0.0002673924870380488,0.020523116578202057,0.013902812171478728,3.814654341028486e-09
0.114,0.00029577224094577746,0.02155917580918668,0.014630863033024506,4.811607252966057e-09
0.116,0.00032684583832371555,0.022631074329126522,0.015381866629222182,6.059464008900878e-09
0.11800000000000001,0.00036083277271440587,0.023739052379339945,0.01615549906006206,7.618816656189563e-09
0.12,0.00039796657396044274,0.024883291012757967,0.016951355183380503,9.564236934705085e-09
0.122,0.00043849532065561996,0.026063909504528946,0.01776894669205676,1.1987340609317139e-08
0.124,0.00048268213261810314,0.02728096290258195,0.018607700566807044,1.5000485306615393e-08
0.126,0.0005308056384937218,0.02853443973494853,0.0194669579360019,1.874122413644287e-08
0.128,0.0005831604132941359,0.02982425989045063,0.020345973372724976,2.3377659092592728e-08
0.13,0.0006400573803845116,0.031150272689065256,0.021243914657778563,2.911486340475607e-08
0.132,0.0007018241721623843,0.03251225515787128,0.022159863035518094,3.620257113059937e-08
0.134,0.0007688054434180874,0.033909910527970974,0.023092813987267487,4.494436585827357e-08
0.136,0.0008413631311418717,0.035342866967160554,0.02404167854463189,5.5708639014363045e-08
0.138,0.0009198766543484325,0.036810676562396595,0.025005285162290374,6.894163257417405e-08
0.14,0.0010047430473308083,0.03831281456527676,0.0259823821668304,8.518293164110164e-08
0.14200000000000002,0.0010963770196375361,0.03984867891282212,0.026971640794888257,1.0508383014804754e-07
0.14400000000000002,0.0011952109359944791,0.041417590034819485,0.027971658830304055,1.294290586425496e-07
0.146,0.001301694709371013,0.04301879095786267,0.028980964846204257,1.5916243761082794e-07
0.148,0.001416295600424149,0.04465144771502167,0.02999802305391119,1.954171039904367e-07
0.15,0.0015394979166486033,0.04631465006878001,0.031021238756372974,2.3955105338211245e-07
0.152,0.0016718026047205625,0.048007412553516524,0.032048964399438176,2.931888470073501e-07
0.154,0.0018137267297521338,0.04972867584237637,0.03307950620979416,3.582704517124997e-07
0.156,0.0019658028354766974,0.0514773084418866,0.03411113140378394,4.371083143597444e-07
0.158,0.002128578179766081,0.05325210871613272,0.0351420759466446,5.324539198469894e-07
0.16,0.00230261384034191,0.055051807240731096,0.03617055283700946,6.47575245832128e-07
0.162,0.0024884836860886517,0.05687506948522106,0.03719476088682388,7.86346708044314e-07
0.164,0.002686773210006517,0.05872049882086805,0.03821289396218025,9.533533888359458e-07
0.166,0.002898078220560111,0.06058663984922429,0.039223150646021034,1.1540115592740475e-06
0.168,0.003123003388984251,0.062471982045148464,0.04022374427922976,1.3947077423860133e-06
0.17,0.0033621606510010837,0.06437496370635186,0.04121291333237066,1.6829588228102069e-06
0.17200000000000001,0.0036161674623820038,0.06629397619992075,0.042188932056285,2.027595986513682e-06
0.17400000000000002,0.0038856449088510614,0.06822736849468067,0.04315012135594801,2.43897557364728e-06
0.176,0.0041712156719711764,0.0701734519667218,0.044094859828471465,2.929220247945902e-06
0.178,0.004473501853875657,0.07213050546390892,0.0450215949029385,3.5124942269394886e-06
0.18,0.004793122665000218,0.07409678061376052,0.04592885401691487,4.20531667781018e-06
0.182,0.0051306919803287415,0.07607050735771453,0.04681525576202641,5.026917762741791e-06
0.184,0.0054868157710809395,0.07804989969350135,0.047679520928952536,5.999642213263453e-06
0.186,0.005862089420234061,0.08003316160613486,0.04852048338059055,7.149405723001647e-06
0.188,0.006257094931773225,0.08201849316691383,0.049337100681013275,8.506209869377562e-06
0.19,0.006672398045094956,0.08400409677879832,0.050128464407196635,1.0104721703350282e-05
0.192,0.007108545267534182,0.08598818354560682,0.050893810070346,1.1984924577755644e-05
0.194,0.0075660608395328125,0.08796897974166315,0.051632526574014896,1.4192847213723043e-05
0.196,0.008045443648504102,0.08994473335781655,0.052344165137092225,1.678137842477393e-05
0.198,0.00854716410895658,0.09191372069916676,0.05302844761113842,1.9811175322277137e-05
0.2,0.009071661027908148,0.093874253009348,0.05368527412347683,2.3351673205748885e-05
0.202,0.009619338476029502,0.09582468309586724,0.054314729979887726,2.748220568784823e-05
0.20400000000000001,0.010190562686288493,0.09776341193074574,0.05491709176369848,3.229324390663865e-05
0.20600000000000002,0.010785659003107458,0.09968889520058767,0.05549283257150458,3.788776392562237e-05
0.20800000000000002,0.011404908906175262,0.10159964978018673,0.05604262632967064,4.4382751603117664e-05
0.21,0.012048547134059005,0.10349426010388263,0.05656735114012993,5.1910854313824195e-05
0.212,0.012716758933618432,0.10537138440909123,0.057068091608798846,6.062218891321123e-05
0.214,0.013409677461923529,0.10722976082675097,0.057546140115123476,7.068631523537867e-05
0.216,0.014127381367896067,0.10906821329385248,0.05800299698684257,8.229438419251287e-05
0.218,0.014869892581223506,0.11088565726373759,0.058440369549957384,9.566146918399326e-05
0.22,0.015637174336214477,0.1126811051904734,0.05886017003010177,0.00011102908901058931
0.222,0.0164291294581668,0.11445367176431165,0.059264512287968946,0.00012866792980929247
0.224,0.01724559893948872,0.11620257887603508,0.059655707378135525,0.00014888077266302872
0.226,0.018086360832242913,0.1179271602888614,0.06003625792748199,0.00017200563248363838
0.228,0.018951129482962483,0.11962686599751773,0.060408851336403266,0.00019841911250429126
0.23,0.019839555134512663,0.12130126625510862,0.060776351813086806,0.00022853997723893747
0.232,0.02075122391843638,0.12295005524947371,0.06114179125826251,0.0002628329450637511
0.234,0.0216856582596272,0.12457305441185602,0.06150835902495736,0.0003018126996438204
0.23600000000000002,0.022642317713317015,0.126170215341885,0.061879390584871144,0.0003460481172658712
0.23800000000000002,0.023620600252254893,0.1277416223341014,0.062258355139982166,0.00039616670474661376
0.24,0.024619844019591546,0.12928749449251611,0.06264884222485477,0.00045285923997271873
0.242,0.025639329560381525,0.13080818742099845,0.06305454735180446,0.0005168846043035822
0.244,0.026678282541782675,0.1323041944786248,0.06347925675754648,0.000589074793048236
0.246,0.027735876968985107,0.1337761475904779,0.06392683131616589,0.0006703400870350695
0.248,0.02881123890065592,0.13522481760577584,0.0644011896891635,0.0007616743649555102
0.25,0.02990345066426264,0.13665111419661682,0.0649062907889191,0.0008641605327147327
0.252,0.0310115555680558,0.13805608529205407,0.06544611563713164,0.000978976042504908
0.254,0.03213456310278038,0.13944091604365388,0.06602464870461806,0.00110739847077676
0.256,0.033271454622366706,0.14080692732015046,0.06664585882324384,0.0012508111207774637
0.258,0.034421189488956616,0.14215557373027357,0.06731367976469373,0.001410708611907501
0.26,0.03558271166368099,0.14348844117430662,0.06803199058424295,0.0015887024148924381
0.262,0.03675495672064839,0.14480724392641678,0.06880459583063753,0.0017865262887395265
0.264,0.037936859257668924,0.1461138212512904,0.06963520572560927,0.0020060415727301936
0.266,0.039127360673354386,0.14741013356010874,0.07052741641842872,0.0022492422843681617
0.268,0.04032541727643899,0.14869825811239726,0.07148469042221059,0.0025182599723422377
0.27,0.041530008689492276,0.14998038427179042,0.07251033733942837,0.0028153682722570073
0.272,0.0427401465056787,0.15125880832525995,0.07360749498424779,0.003142987112217869
0.274,0.043954883153893426,0.15253592787686018,0.07477911100885298,0.0035036865154108826
0.276,0.0451733209245033,0.15381423582854806,0.07602792513990263,0.0039001899476711313
0.278,0.04639462110507789,0.15509631396213736,0.07735645212961813,0.004335377159757183
0.28,0.04761801317293954,0.15638482613793409,0.07876696552376831,0.004812286476707838
0.28200000000000003,0.048842803989120546,0.15768251112708603,0.08026148234598292,0.0053341164903026135
0.28400000000000003,0.05006838693641805,0.15899217509614597,0.08184174879439929,0.005904227115319816
0.28600000000000003,0.05129425094270588,0.16031668376379488,0.0835092270426407,0.006526139976008552
0.28800000000000003,0.052519989329518096,0.1616589542511033,0.08526508323254287,0.007203538095969652
0.29,0.053745308425180424,0.1630219466481038,0.08711017674091041,0.007940264872460185
0.292,0.054970035881446624,0.16440865532081556,0.08904505079690841,0.008740322324959499
0.294,0.05619412863270834,0.16582209998418523,0.09106992452050343,0.009607868617598476
0.296,0.05741768043739869,0.1672653165676916,0.09318468644567954,0.010547214865669955
0.298,0.0586409289421988,0.16874134790157838,0.09538888958500433,0.011562821247789032
0.3,0.05986426221109335,0.170253234252851,0.09768174808452959,0.012659292457212144
0.302,0.06108822466318996,0.17180400374125723,0.10006213551002249,0.01384137253817889
0.304,0.062313522365517356,0.17339666266649026,0.10252858479716763,0.015113939165705265
0.306,0.06354102762973665,0.1750341857787736,0.10507928988970199,0.01648199743980084
0.308,0.0647717828648176,0.1767195065258176,0.10771210908048387,0.01795067327734438
0.31,0.06600700364123518,0.17845550730985502,0.1104245700613056,0.019525206496551116
0.312,0.06724808092610422,0.18024500978907154,0.11321387667787827,0.021210943699792997
0.314,0.06849658245286654,0.1820907652582215,0.11607691737690877,0.02301333107017033
0.316,0.0697542531936488,0.1839954451435681,0.11901027532259979,0.024937907205341225
0.318,0.0710230149071867,0.18596163164748472,0.12201024015029478,0.026990296118353695
0.32,0.07230496474023082,0.1879918085781054,0.12507282131541933,0.029176200539246855
0.322,0.0736023728655743,0.19008835239930297,0.12819376298640095,0.03150139565265557
0.324,0.0749176791452381,0.1922535235359926,0.1313685604209378,0.03397172340524151
0.326,0.07625348881287217,0.19448945796931358,0.13459247775590316,0.03659308751217771
0.328,0.07761256717504951,0.19679815915560883,0.1378605671323729,0.039371449283862284
0.33,0.07899783333679791,0.19918149030231524,0.14116768906881905,0.04231282438229212
0.332,0.08041235296239366,0.20164116703287638,0.14450853398747507,0.0454232806009073
0.334,0.08185933008809775,0.20417875047160988,0.1478776447913223,0.04870893674208799
0.336,0.08334209800910133,0.206795640778084,0.151269440382124,0.05217596264279184
0.338,0.08486410926843237,0.2094930711590026,0.15467824000349717,0.055830580371065024
0.34,0.08642892478091946,0.2122721023838504,0.15809828828723074,0.05967906658444895
0.342,0.08804020213048117,0.21513361782862908,0.1615237808759726,0.06372775600581294
0.34400000000000003,0.08970168308396721,0.21807831906991093,0.16494889049106046,0.06798304593315421
0.34600000000000003,0.09141718036950645,0.22110672204917398,0.1683677933107227,0.07245140165779912
0.34800000000000003,0.09319056377177087,0.22421915382495697,0.17177469552114377,0.07713936262069322
0.35000000000000003,0.09502574560072925,0.2274157499277972,0.17516385990101419,0.08205354908966592
0.352,0.09692666559431386,0.2306964523302099,0.17852963229919716,0.08720066909238461
0.354,0.09889727531893358,0.23406100804114024,0.1818664678650545,0.09258752529096063
0.356,0.10094152213492426,0.23750896833137639,0.18516895689179363,0.09822102143570323
0.358,0.1030633327968175,0.2410396885934025,0.18843185013495012,0.104108167988315
0.36,0.10526659676071098,0.2446523288360634,0.19165008347076506,0.11025608645990499
0.362,0.10755514927304614,0.24834585481127938,0.19481880176279254,0.11667201196766665
0.364,0.10993275431671237,0.2521190397668652,0.19793338180951356,0.12336329347708311
0.366,0.1124030874916205,0.2559704668163348,0.2009894542510518,0.13033739116522103
0.368,0.11496971890770108,0.2598985319133931,0.20398292431922344,0.13760187031627966
0.37,0.11763609616870223,0.2639014474156913,0.2069099913220852,0.14516439114418875
0.372,0.12040552752517618,0.26797724621934604,0.20976716676181115,0.15303269392986515
0.374,0.12328116527467142,0.27212378644273455,0.2125512909930798,0.16121457886377236
0.376,0.1262659894863882,0.27633875663519375,0.21525954833813196,0.1697178799986705
0.378,0.12936279212641627,0.2806196814835047,0.21788948058418767,0.17855043274373858
0.38,0.13257416165817618,0.2849639279864383,0.2204389987989237,0.18772003437030674
0.382,0.13590246819082702,0.2893687120652242,0.22290639341013474,0.19723439705180182
0.384,0.139349849246208,0.2938311055755712,0.22529034250643587,0.20710109302651997
0.386,0.14291819621235524,0.29834804368486295,0.2275899183268478,0.21732749155161657
0.388,0.14660914154880286,0.3029163325763771,0.22980459191823127,0.22792068741015983
0.39,0.15042404680573832,0.3075326574408574,0.23193423595072743,0.23888742083982586
0.392,0.15436399151566926,0.31219359071451175,0.23397912569251816,0.25023398887120263
0.394,0.1584297630125808,0.31689560052154414,0.2359399381562632,0.2619661481948004
0.396,0.16262184722962789,0.3216350592786427,0.23781774944039608,0.27408900981750545
0.398,0.16694042052225513,0.3264082524184746,0.23961403029900155,0.2866069259199066
0.4,0.17138534255925536,0.3312113871891664,0.24133063998414642,0.29952336948386293
0.402,0.17595615031971462,0.3360406014869935,0.24296981841423082,0.3128408074228651
0.404,0.18065205322903694,0.34089197268005267,0.24453417673108274,0.3265605681138418
0.406,0.18547192946233573,0.34576152638156565,0.24602668631706454,0.3406827043956038
0.40800000000000003,0.19041432343842532,0.3506452451326277,0.2474506663513342,0.3552058532633628
0.41000000000000003,0.1954774445224698,0.35553907695568865,0.24880976999154797,0.3701270936478546
0.41200000000000003,0.20065916695006572,0.3604389437418198,0.2501079692736468,0.3854418038185575
0.41400000000000003,0.2059570309801656,0.36534074943684924,0.2513495388279046,0.40114352009023707
0.41600000000000004,0.21136824527881864,0.3702403879937468,0.25253903851408643,0.41722379863756165
0.418,0.21688969053022292,0.3751337510611844,0.25368129508235415,0.4336720823306969
0.42,0.22251792426608194,0.3800167353809468,0.25478138296942754,0.4504755745927285
0.422,0.2282491868987483,0.3848852498698262,0.2558446043414822,0.46761912234466335
0.424,0.23407940893814846,0.3897352223647689,0.2568764684963144,0.4850851101430374
0.426,0.24000421936704033,0.394562606013301,0.25788267073744886,0.5028533676265488
0.428,0.24601895514376476,0.39936338529465504,0.2588690708321306,0.5209010923696501
0.43,0.25211867179637193,0.404133581660489,0.25984167116354123,0.5392027901910946
0.432,0.25829815506681786,0.4088692587876046,0.26080659468516004,0.5577302348829359
0.434,0.26455193355889595,0.4135665274386213,0.2617700627819866,0.5764524492097489
0.436,0.2708742923387009,0.41822154993008487,0.2627383731394079,0.5953357088787474
0.438,0.27725928743174477,0.4228305442109672,0.2637178777158827,0.6143435709994913
0.44,0.2837007611563988,0.42738978755791684,0.2647149609104013,0.6334369283379193
0.442,0.2901923582291279,0.4318956198968979,0.26573601800991253,0.6525740904252091
0.444,0.29672754257305795,0.43634444676399414,0.2667874339956806,0.6717108923095284
0.446,0.3032996147578002,0.44073274192111417,0.2678755627809122,0.6908008314409059
0.448,0.30990172999515664,0.44505704964508136,0.26900670694505324,0.7097952328594852
0.45,0.3165269166124052,0.44931398671111145,0.2701870980229943,0.728643442519189
0.452,0.3231680949223067,0.4535002440939358,0.2714228774000959,0.7472930482265301
0.454,0.3298180964068343,0.4576125884117953,0.27272007785657565,0.7656901273127323
0.456,0.33646968312991143,0.4616478631402024,0.27408460579742333,0.7837795197915038
0.458,0.34311556729317644,0.46560298962370983,0.275522224196752,0.8015051253900113
0.46,0.34974843084800256,0.4694749679149349,0.2770385362783931,0.8188102224824553
0.462,0.35636094507668975,0.473260877470752,0.2786389699477098,0.835637806609622
0.464,0.3629457900559322,0.4769578777358763,0.2803287629830805,0.8519309459396531
0.466,0.36949567391637056,0.48056320864401136,0.2821129489893731,0.8676331507203624
0.468,0.3760033518132496,0.48407419106633626,0.2839963441100479,0.8826887534972914
0.47000000000000003,0.38246164452494363,0.4874882272363445,0.28598353448934655,0.8970432966291111
0.47200000000000003,0.38886345659836613,0.4908028011789571,0.28807886447139125,0.9106439234277609
0.47400000000000003,0.39520179396306254,0.49401547917039623,0.2902864255189814,0.9234397690889375
0.47600000000000003,0.40146978093906427,0.49712391025356284,0.2926100458314499,0.9353823474627583
0.47800000000000004,0.4076606765673656,0.5001258268316202,0.29505328063818353,0.9464259296475915
0.48,0.41376789019614807,0.5030190453601684,0.2976194031422929,0.9565279103744039
0.482,0.41978499626059784,0.5058014671558327,0.30031139608749735,0.9656491581858461
0.484,0.4257057481993103,0.5084710793363104,0.30313194392052867,0.9737543455044573
0.486,0.4315240914558476,0.511025955903944,0.3060834255212649,0.980812254827564
0.488,0.43723417551992755,0.5134642589817814,0.30916790747336403,0.9867960574815099
0.49,0.44283036496899514,0.5157842402078294,0.31238713784935734,0.9916835616131313
0.492,0.44830724947747436,0.5179842422899041,0.315742540485934,0.995457426388877
0.494,0.45365965276779346,0.5200627007201071,0.3192352097274889,0.9981053397084245
0.496,0.4588826404842734,0.5220181456446089,0.3228659056188524,0.9996201571155824
0.498,0.46397152697810234,0.523849203881088,0.3266350495314257,1.0
0.5,0.4689218809988531,0.5255546010729262,0.33054272021065395,0.9992483116230046
0.502,0.4737295302952593,0.5271331639661357,0.33458865023682105,0.997373869963918
0.504,0.4783905651352123,0.5285838227920051,0.33877222289547176,0.9943907568629502
0.506,0.48290134076209995,0.5299056137356677,0.34309246945829885,0.9903182834265138
0.508,0.4872584788116277,0.5310976814682191,0.34754806687999024,0.9851808721537277
0.51,0.49145886772008374,0.5321592817177074,0.35213733592125696,0.979007896731915
0.512,0.4954996621615796,0.5330897838522736,0.35685823971296077,0.9718334809272202
0.514,0.49937828155803365,0.5338886734470122,0.3617083827808774,0.963696258457283
0.516,0.503092407711563,0.5345555548047128,0.3666850105550683,0.9546390961697783
0.518,0.5066399816143836,0.5350901533996121,0.3717850093920478,0.9447087832574728
0.52,0.5100191994963182,0.5354923182125948,0.37700490714181484,0.9339556896116974
0.522,0.5132285081744682,0.5357620239259809,0.38234087429533997,0.9224333967468156
0.524,0.5162665997735055,0.5358993729460981,0.387788725751163,0.9101983050139592
0.526,0.5191324058883434,0.5359045972222998,0.3933439232423264,0.8973092210595734
0.528,0.5218250912636158,0.5357780598319017,0.39900157846687506,0.8838269296701098
0.53,0.5243440470663996,0.5355202563017254,0.4047564569665637,0.869813754276737
0.532,0.5266888838299502,0.5351318156384697,0.41060298279915436,0.8553331104718931
0.534,0.5288594241468265,0.5346135010420456,0.41653524404977565,0.840449056912643
0.536,0.5308556951897476,0.5339662102782143,0.42254699922616046,0.8252258479545719
0.538,0.5326779211376854,0.5331909756893811,0.4286316845812236,0.8097274922757934
0.54,0.5343265155832522,0.5322889638251934,0.4347824224043126,0.7940173216155271
0.542,0.5358020739952274,0.5312614746775837,0.44099203031962325,0.7781575735686026
0.544,0.5371053663072208,0.5301099405081579,0.44725303162665886,0.7622089921495646
0.546,0.5382373296999488,0.5288359242591849,0.4535576667132886,0.7462304495718789
0.548,0.5391990616404637,0.5274411175429919,0.4598979055669285,0.7302785923837658
0.55,0.5399918132369541,0.5259273382081675,0.4662654614036504,0.7144075147672626
0.552,0.5406169829624691,0.5242965274846336,0.4726518054286819,0.6986684614467413
0.554,0.5410761107951516,0.5225507467133174,0.47904818273481053,0.6831095622726983
0.556,0.5413708728163742,0.5206921736697829,0.4854456293377301,0.6677756001520075
0.558,0.5415030763015669,0.5187230984947304,0.49183499033939804,0.6527078135926059
0.56,0.5414746553316323,0.5166459192477183,0.4982069392021066,0.6379437347244661
0.562,0.541287666945662,0.5144631371037338,0.5045519981072522,0.6235170632552433
0.5640000000000001,0.5409442878483204,0.5121773512153267,0.5108605593638049,0.6094575764233536
0.5660000000000001,0.5404468116777796,0.509791253265883,0.5171229078223463,0.5957910746284862
0.5680000000000001,0.5397976468325667,0.5073076217422083,0.5233292442412666,0.5825393620541984
0.5700000000000001,0.5389993148481872,0.5047293159568987,0.5294697095424817,0.5697202612534568
0.5720000000000001,0.5380544493069843,0.5020592698529724,0.5355344098848557,0.5573476603494136
0.5740000000000001,0.5369657952574555,0.49930048562488283,0.5415134424745288,0.545431591213454
0.5760000000000001,0.5357362091122635,0.49645602719134496,0.547396922022646,0.5339783367232258
0.578,0.5343686589874795,0.49352901355633017,0.5531750077526251,0.5229905649769528
0.58,0.532866225439282,0.4905226120951319,0.5588379308512228,0.5124674881482657
0.582,0.5312321025484589,0.4874400318025991,0.5643760222503041,0.5024050435089732
0.584,0.5294695992976501,0.48428451654039456,0.5697797406195201,0.492796094025885
0.586,0.5275821411814366,0.48105933831957054,0.5750397004440783,0.48363064585187043
0.588,0.5255732719851061,0.47776779065377833,0.5801467000566006,0.4748960799800056
0.59,0.5234466556643043,0.4744131820171343,0.585091749487688,0.46657739531181697
0.592,0.5212060782548186,0.4709988294390942,0.5898660979963908,0.45865746040468275
0.594,0.5188554497394704,0.46752805226673594,0.5944612611393296,0.45111727120747014
0.596,0.5163988057975553,0.46400416612258205,0.5988690472357773,0.4439362121652271
0.598,0.5138403093614397,0.460430477083581,0.6030815830856632,0.4370923181706963
0.6,0.5111842519048694,0.4568102761041019,0.6070913387981801,0.43056253495991764
0.602,0.5084350543881988,0.4531468337028559,0.61089115159055,0.42432297568833544
0.604,0.5055972677871621,0.4494433949305406,0.6144742484194601,0.41834917157975643
0.606,0.5026755731339418,0.44570317463177284,0.6178342673118116,0.4126163147101991
0.608,0.49967478100211377,0.4419293530115462,0.6209652772666362,0.4070994911692168
0.61,0.4965998303705674,0.43812507151310465,0.6238617966063638,0.40177390302976007
0.612,0.4934557868056493,0.43429342901073165,0.6265188096630205,0.39661507775125127
0.614,0.49024783990555093,0.4304374783176422,0.6289317816933385,0.3915990638366721
0.616,0.48698129995627454,0.4265602230059026,0.6310966719261608,0.3867026117605484
0.618,0.4836615937543731,0.4226646145321522,0.6330099446558105,0.3819033393785454
0.62,0.4802942595579497,0.41875354965992306,0.6346685783062394,0.377179881218775
0.622,0.47688494113413094,0.41482986816652684,0.6360700724026633,0.3725120212381054
0.624,0.4734393808782773,0.41089635081990145,0.6372124523999664,0.36788080880206336
0.626,0.46996341198756597,0.406955717608453,0.6380942723302955,0.3632686578129709
0.628,0.4664629496791277,0.403010626204851,0.6387146152458945,0.35865942906663256
0.63,0.462943981450686,0.39906367064296144,0.6390730914472025,0.35403849606227
0.632,0.4594125563894501,0.395117380185622,0.6391698345004814,0.34939279462280665
0.634,0.45587477354289935,0.3911742183598274,0.6390054950636144,0.34471085680257696
0.636,0.4523367693729059,0.3872365821350862,0.6385812325530966,0.3399828296668206
0.638,0.4488047043223989,0.3833068012202476,0.6378987046995309,0.3352004796218102
0.64,0.44528474853133576,0.37938713745399555,0.636960055052986,0.3303571830562714
0.642,0.441783066746138,0.3754797842644207,0.6357678985132926,0.3254479041240842
0.644,0.4383058024738251,0.371586866173678,0.6343253049735856,0.32046916055547453
0.646,0.43485906143890124,0.3677104383246182,0.6326357811780556,0.3154189784294639
0.648,0.43144889440743145,0.3638524860075111,0.6307032509068369,0.3102968368747925
0.65,0.42808127944879026,0.3600149241664958,0.6285320336121142,0.3051036036904642
0.652,0.42476210371110673,0.3561995968671768,0.6261268216397871,0.2998414628911563
0.654,0.42149714479151995,0.3524082767088406,0.6234926561802916,0.29451383518765184
0.656,0.4182920517869298,0.34864266416703377,0.6206349021003591,0.28912529240895246
0.658,0.4151523261149469,0.3449043868547097,0.6175592218145205,0.28368146686144574
0.66,0.4120833021982293,0.34119499869279035,0.6142715483609761,0.27818895660224585
0.662,0.40909012810827394,0.3375159789837378,0.6107780578509798,0.2726552275791992
0.664,0.4061777462670456,0.333868731384605,0.6070851414641183,0.26708851355978414
0.666,0.4033508743065367,0.33025458277893327,0.6031993771637357,0.2614977147358856
0.668,0.4006139861874561,0.32667478204982137,0.5991275013072669,0.25589229585176276
0.67,0.39797129367876954,0.32313049875940436,0.5948763803253938,0.25028218465910457
0.672,0.39542672829972275,0.3196228217428603,0.5904529826417193,0.24467767145640754
0.674,0.392983923825321,0.3161527576278643,0.5858643510010889,0.23908931042053513
0.676,0.39064619945499435,0.31272122929306,0.5811175753698404,0.23352782338674785
0.678,0.3884165437423658,0.3093290742816632,0.5762197665651115,0.22800400668018947
0.68,0.3862975993817012,0.3059770431886274,0.5711780307630104,0.222528641547193
0.682,0.3842916489437293,0.3026657980419419,0.5659994450269715,0.21711240867929904
0.684,0.38240060165013967,0.2993959107005103,0.56069103398808,0.2117658072668985
0.686,0.3806259812721889,0.29616786129268724,0.5552597477986317,0.2064990789633459
0.6880000000000001,0.37896891523451237,0.29298203672090006,0.5497124414688164,0.20132213708455185
0.6900000000000001,0.3774301250004528,0.2898387292588228,0.5440558556842401,0.19624450131384422
0.6920000000000001,0.37600991781003773,0.286738135268312,0.5382965991892006,0.19127523812755992
0.6940000000000001,0.37470817983614413,0.2836803540637288,0.5324411328072521,0.18642290710374634
0.6960000000000001,0.37352437081845724,0.28066538695135246,0.5264957551568415,0.1816955132247833
0.6980000000000001,0.372457520228542,0.27769313647136107,0.5204665901057116,0.17710046523496842
0.7000000000000001,0.3715062250127607,0.2747634058692705,0.5143595759935401,0.172644540066399
0.7020000000000001,0.3706686489529006,0.2718758988228393,0.5081804566380184,0.1683338533010817
0.704,0.3699425236772506,0.26903021944922506,0.5019347741253831,0.1641738355943107
0.706,0.36932515134751487,0.2662258726156719,0.49562786337246467,0.16016921494419217
0.708,0.3688134090394044,0.2634622645751981,0.48926484843369344,0.15632400465492408
0.71,0.3684037548270283,0.26073870394667464,0.48285064051332877,0.15264149680719613
0.712,0.368092235573353,0.25805440305636357,0.4763899376306045,0.14912426101800416
0.714,0.36787449642102416,0.25540847965542346,0.46988722587354953,0.14577414824433488
0.716,0.3677457919698089,0.2527999590251386,0.4633467821661146,0.14259229936063758
0.718,0.3677009991188097,0.25022777647868666,0.45677267846295155,0.1395791582187906
0.72,0.36773463154349795,0.2476907802651962,0.4501687872768618,0.13673448888137188
0.722,0.3678408557695168,0.24518773487864234,0.4435387884356101,0.13405739670442657
0.724,0.36801350879715944,0.24271732477085736,0.43688617695755305,0.13154635293451722
0.726,0.36824611722247436,0.2402781584646145,0.43021427192940315,0.1291992224765516
0.728,0.3685319177931076,0.2378687730593882,0.42352622626447856,0.12701329448358004
0.73,0.36886387932932374,0.23548763911907677,0.4168250372159895,0.12498531541730631
0.732,0.3692347259331663,0.23313316592768463,0.41011355751732353,0.12311152422828782
0.734,0.36963696140148034,0.2308037070957561,0.4033945070198586,0.12138768930753643
0.736,0.3700628947515595,0.22849756649726546,0.39667048469861804,0.11980914686628784
0.738,0.3705046667615386,0.22621300451370221,0.38994398089699667,0.11837084040786883
0.74,0.37095427742137016,0.22394824455930157,0.3832173896838264,0.11706736096467445
0.742,0.37140361418434986,0.22170147985877287,0.3764930211991782,0.11589298778405525
0.744,0.37184448090371647,0.21947088044648622,0.36977311386942974,0.11484172915922074
0.746,0.37226862733391375,0.21725460035393568,0.36305984637723454,0.11390736311488844
0.748,0.3726677790716663,0.2150507849503947,0.3563553492780144,0.11308347767218094
0.75,0.3730336678081853,0.2128575784000665,0.34966171616138825,0.11236351043301726
0.752,0.37335806176055725,0.2106731311976835,0.342981014263474,0.11174078724081755
0.754,0.37363279614775824,0.20849560774347825,0.33631529444415065,0.11120855969159511
0.756,0.3738498035748142,0.2063231939177022,0.32966660045205387,0.11076004128733212
0.758,0.37400114418737707,0.20415410461444047,0.32303697740921744,0.11038844204182104
0.76,0.37407903545850485,0.20198659119435625,0.3164284794567381,0.11008700136780332
0.762,0.3740758814696747,0.19981894881617926,0.3098431765125712,0.1098490190931791
0.764,0.3739843015490962,0.19764952360725715,0.30328316010240974,0.10966788447323529
0.766,0.37379715813220576,0.1954767196342788,0.2967505482345157,0.1095371030851672
0.768,0.3735075837118335,0.19329900563636415,0.2902474892992236,0.10945032151062421
0.77,0.37310900674895425,0.19111492148408427,0.28377616498354236,0.10940134973151984
0.772,0.3725951764191382,0.18892308432959487,0.27733879220077085,0.10938418118387641
0.774,0.37196018607482345,0.18672219441495674,0.27093762404419675,0.10939301043396706
0.776,0.3711984953093012,0.1845110405078123,0.26457494978272944,0.10942224846040646
0.778,0.3703049505148312,0.1822885049359171,0.25825309392463064,0.10946653554507373
0.78,0.36927480383455824,0.18005356819453205,0.2519744143832789,0.10952075179473225
0.782,0.36810373041583305,0.17780531310335412,0.24574129978612494,0.1095800253338591
0.784,0.3667878438811327,0.17554292849249503,0.2395561659745526,0.10963973822741054
0.786,0.3653237099419595,0.17326571239994668,0.2334214517482682,0.10969553020990017
0.788,0.36370835809083213,0.17097307476601592,0.22733961391303986,0.10974330031413541
0.79,0.36193929131670055,0.16866453961331482,0.22131312169507594,0.10977920650909771
0.792,0.3600144937997626,0.16633974670403645,0.21534445058906632,0.10979966347160572
0.794,0.3579324365526523,0.16399845266942542,0.2094360757098874,0.10980133863041952
0.796,0.3556920809862414,0.16164053160950442,0.2035904647202048,0.1097811466341512
0.798,0.3532928803897768,0.15926597516426272,0.19781007040769774,0.10973624240558845
0.8,0.3507347793266612,0.15687489206058589,0.19209732298639376,0.10966401295464095
0.802,0.34801821095881763,0.15446750714221685,0.18645462219666956,0.10956206812994093
0.804,0.3451440923241658,0.15204415989295014,0.1808843292778506,0.10942823049501536
0.806,0.3421138176031734,0.1496053024660495,0.17538875888609856,0.10926052451878322
0.808,0.3389292494216863,0.1471514972355505,0.16997017102841197,0.10905716527180337
0.81,0.33559270824815507,0.14468341388760858,0.16463076308115082,0.10881654681913325
0.812,0.33210695995392386,0.14220182607240717,0.15937266195857086,0.10853723049780258
0.8140000000000001,0.32847520161530014,0.13970760763930018,0.1541979164934569,0.1082179332617415
0.8160000000000001,0.32470104564567215,0.1372017284798397,0.1491084900881513,0.10785751626954904
0.8180000000000001,0.32078850235482853,0.13468525000511727,0.14410625369011112,0.1074549738807891
0.8200000000000001,0.31674196104087493,0.13215932028541047,0.13919297914167567,0.10700942321466363
0.8220000000000001,0.31256616972761153,0.12962516888148612,0.13437033294902184,0.10652009441104852
0.8240000000000001,0.3082662136669204,0.12708410139804047,0.1296398705103898,0.10598632171816656
0.8260000000000001,0.30384749273152806,0.12453749379068409,0.12500303083863992,0.10540753551380495
0.8280000000000001,0.2993156978284548,0.12198678645856693,0.12046113180808053,0.1047832553482082
0.8300000000000001,0.2946767864674612,0.11943347815522402,0.11601536595037006,0.10411308407684056
0.8320000000000001,0.2899369576218715,0.11687911975048645,0.1116667968191665,0.10339670313042268
0.834,0.28510262602123404,0.11432530787635121,0.10741635593813174,0.10263386894829964
0.836,0.2801803960164143,0.11177367848955853,0.10326484034193868,0.10182441057963158
0.838,0.2751770351578396,0.10922590038327311,0.09921291071511822,0.10096822843543816
0.84,0.27009944762680443,0.1066836686797317,0.09526109012894045,0.10006529415352272
0.842,0.26495464765798354,0.10414869833500454,0.09140976337211175,0.09911565151807843
0.844,0.25974973308858584,0.10162271768613436,0.08765917686688382,0.09811941835667082
0.846,0.25449185916604056,0.09910746206988465,0.08400943915825698,0.09707678931960018
0.848,0.24918821274164993,0.09660466754113695,0.08046052196032907,0.09598803943067231
0.85,0.24384598697245635,0.09411606471767722,0.07701226174051748,0.09485352828439515
0.852,0.23847235664758668,0.09164337277667231,0.0736643618193611,0.09367370475281021
0.854,0.23307445424871806,0.08918829362660775,0.07041639496092524,0.09244911205574367
0.856,0.22765934684704103,0.08675250627684232,0.0672678064264654,0.09118039304137697
0.858,0.2222340139313134,0.08433766142522389,0.06421791746197494,0.08986829551979131
0.86,0.21680532625331783,0.08194537628246827,0.06126592918853482,0.08851367749059678
0.862,0.2113800257683999,0.0795772296501828,0.05841092686300282,0.08711751210692421
0.864,0.20596470673977293,0.0772347572675828,0.055651884475513315,0.08568089222190332
0.866,0.20056579806609726,0.07491944744008738,0.05298766964949993,0.08420503437018911
0.868,0.19518954688246842,0.07263273696110728,0.05041704880948622,0.08269128204600505
0.87,0.18984200347554894,0.07037600733647906,0.0479386925817061,0.08114110815037737
0.872,0.18452900754413734,0.06815058131914163,0.04555118139269347,0.07955611649353332
0.874,0.17925617582716233,0.0659577197598377,0.0432530112313101,0.07793804225357906
0.876,0.1740288911118937,0.06379861877783058,0.04104259954023328,0.07628875130929927
0.878,0.16885229262623605,0.06167440725389026,0.038918291203696886,0.07461023838292652
0.88,0.16373126781030178,0.059586144646121726,0.0368783645992344,0.07290462394769534
0.882,0.15867044545418416,0.057534819127584236,0.03492103768230505,0.07117414987461368
0.884,0.15367419018094403,0.05552134604310612,0.03304447407396476,0.06942117381279536
0.886,0.1487465982464268,0.053546566681225434,0.031246789123157565,0.06764816231758917
0.888,0.14389149462058562,0.05161124735579524,0.029526055916729032,0.06585768276027078
0.89,0.13911243130863574,0.04971607879049694,0.02788031121188235,0.06405239407192112
0.892,0.13441268686455213,0.047861675798284396,0.026307561267491557,0.06223503639200459
0.894,0.1297952670442408,0.04604857724667484,0.02480578755243706,0.060408419708794965
0.896,0.12526290654112382,0.04427724629877243,0.02337295231091941,0.05857541159393814
0.898,0.1208180717429463,0.04254807091899534,0.022007003966523705,0.056738924146859215
0.9,0.11646296444528817,0.040861364631649,0.020705882348628427,0.05490190027623872
0.902,0.1121995264546031,0.03921736751976369,0.019467523726575453,0.053067299455248365
0.904,0.10802944501154345,0.037616247450990674,0.01828986563881748,0.051238083094535286
0.906,0.1039541589639128,0.03605810151681818,0.01717085150603336,0.049417199682013004
0.908,0.099974865617735,0.03454295767093868,0.016108435018934567,0.04760756984131618
0.91,0.09609252819468174,0.03307077655225659,0.015100584293170197,0.045812071461318486
0.912,0.09230788382437026,0.03164145347777654,0.014145285785364696,0.04403352504743785
0.914,0.08862145200085357,0.030254820590453795,0.01324054796588456,0.04227467944164628
0.916,0.08503354343389391,0.028910649147007684,0.01238440474542188,0.04053819805227071
0.918,0.08154426922734076,0.027608651930706565,0.011574918653897879,0.038826645726965064
0.92,0.07815355031904894,0.026348485774211634,0.010810183771525423,0.03714247639281779
0.922,0.07486112711926736,0.02512975417771914,0.010088328413122417,0.03548802157663066
0.924,0.07166656928721721,0.023952010007864392,0.00940751756793339,0.033865479906170115
0.926,0.06856928558866958,0.02281475826313137,0.008765955098298058,0.03227690767988264
0.928,0.06556853378062072,0.021717458891858027,0.008161885701496126,0.030724210578409076
0.93,0.06266343047267009,0.020659529649320215,0.0075935966400019666,0.02920913657647759
0.932,0.05985296091832692,0.019640348980825596,0.007059419246198463,0.02773327009863442
0.934,0.05713598869321877,0.0186592589182353,0.0065577302083292145,0.026298027447028475
0.936,0.054511265220961364,0.0177155679778596,0.006086952645112709,0.02490465351432953
0.9380000000000001,0.05197743911127988,0.016808554048237574,0.005645556977003693,0.023554219780047177
0.9400000000000001,0.049533065278769925,0.015937467256898773,0.005232061602568257,0.022247623574236448
0.9420000000000001,0.04717661381445596,0.015101532805824493,0.004845033388842239,0.020985588579012664
0.9440000000000001,0.04490647858598235,0.014299953765959975,0.004483087984871152,0.019768666525619767
0.9460000000000001,0.0427209855458599,0.01353191382178075,0.004144889967887355,0.018597240033150695
0.9480000000000001,0.040618400730633594,0.01279657995758146,0.0038291528317685336,0.01747152652452769
0.9500000000000001,0.038596937937146546,0.012093105077822828,0.003534638827547272,0.016391583146113456
0.9520000000000001,0.03665476606519741,0.011420630554549428,0.0032601586658053063,0.015357312609416501
0.9540000000000001,0.03479001611884406,0.010778288695561257,0.0030045710907939524,0.014368469866824081
0.9560000000000001,0.033000787861348406,0.010165205127694227,0.002766782336077222,0.013424669528170632
0.9580000000000001,0.03128515612131017,0.009580501090225185,0.0025457454714002945,0.012525393921230754
0.96,0.029641176749862268,0.009023295634069384,0.0023404596503476278,0.011670001696893086
0.962,0.028066892230925403,0.008492707723077995,0.002149969268175463,0.010857736878785957
0.964,0.026560336948415537,0.007987858234364908,0.0019733630389874566,0.010087738257427306
0.966,0.025119542115988876,0.00750787185519775,0.0018097730011723617,0.00935904903048546
0.968,0.02374254037638204,0.007051878874571594,0.0016583734597442718,0.008670626593373898
0.97,0.02242737007868098,0.006619016868146693,0.0015183798739213995,0.008021352388060145
0.972,0.021172079242921606,0.006208432275768638,0.0013890476979525471,0.00741004172253574
0.974,0.019974729222316242,0.005819281871301623,0.0012696711828553428,0.006835453478751939
0.976,0.018833398074103586,0.005450734124991898,0.001159582146369365,0.0062962996328521014
0.978,0.01774618365056641,0.005101970459034401,0.0010581487180542485,0.0057912545181011
0.98,0.016711206422144558,0.004772186397445845,0.0009647740660804169,0.005318963767899714
0.982,0.01572661204482145,0.004460592611745844,0.0008788951118712563,0.004878052883554511
0.984,0.014790573684076927,0.00416641586431725,0.0007999812383628407,0.004467135378932433
0.986,0.013901294107706248,0.0038888998516568183,0.0007275329972533511,0.0040848204616504395
0.988,0.013057007559704261,0.003627305950035395,0.0006610808202214072,0.0037297202179281726
0.99,0.012255981427231253,0.003380913866367005,0.0006001837387027766,0.003400456275567674
0.992,0.011496517712412457,0.0031490221973341937,0.000544428116430381,0.003095665926630198
0.994,0.010776954320402739,0.0029309489000377688,0.000493426398565017,0.00281400769817788
0.996,0.010095666174769792,0.0027260316776291315,0.0004468158808752123,0.002554166365869687
0.998,0.009451066170837057,0.0025336282835461857,0.0004042575020659597,0.0023148574111897732
1.0,0.008841605977180218,0.002353116748109304,0.0003654346620086425,0.0020948309285965007
