improved,stable,declined,points
0.42659354027431223,0.28391308817682165,0.035900468848447595,0.0
0.4520905849451182,0.2929520829884907,0.03736014653730418,0.002004008016032064
0.47807391588989645,0.3019802632633122,0.038842826295588904,0.004008016032064128
0.5044609449153342,0.3109803818224835,0.040346813231097844,0.0060120240480961915
0.5311627637442076,0.3199348919835432,0.04187031478709426,0.008016032064128256
0.5580846469955757,0.3288260126189455,0.04341144518972991,0.01002004008016032
0.5851266392945097,0.33763579571036567,0.04496823044137856,0.012024048096192383
0.612184221798883,0.34634619602071076,0.046538613841074265,0.014028056112224447
0.6391490520191087,0.3549391424835004,0.04812046200914664,0.01603206412825651
0.6659097694608898,0.3633966108900083,0.049711571389162344,0.018036072144288574
0.6923528583703544,0.37170069743852907,0.051309675196450334,0.02004008016032064
0.7183635577335826,0.37983369269763956,0.052912450778844766,0.022044088176352703
0.74382680770457,0.38777815552643513,0.054517527351857456,0.024048096192384766
0.7686282208301659,0.3955169864895908,0.05612249406734469,0.026052104208416832
0.7926550658272783,0.4030335003038704,0.05772490837185817,0.028056112224448895
0.8157972512621464,0.4103114968553811,0.05932230460834085,0.03006012024048096
0.8379482962951166,0.4173353303334354,0.060912202812633334,0.03206412825651302
0.8590062756932488,0.4240899760373784,0.062492117654447316,0.03406813627254509
0.8788747265788253,0.4305610944270527,0.06405956747104193,0.03607214428857715
0.8974635048703704,0.43673509200551197,0.06561208334083456,0.038076152304609215
0.9146895800756789,0.4425991786442073,0.06714721814359617,0.04008016032064128
0.9304777579998422,0.4481414209856753,0.06866255555373006,0.04208416833667334
0.944761322017354,0.45335079158681174,0.0701557189134236,0.044088176352705406
0.9574825848042109,0.45821721349665623,0.0716243799331845,0.04609218436873747
0.9685933438078175,0.46273159999602526,0.07306626716842708,0.04809619238476953
0.9780552352214696,0.4668858892619712,0.07447917422235088,0.0501002004008016
0.9858399827958408,0.47067307375761935,0.07586096762733938,0.052104208416833664
0.9919295394305653,0.4740872241869757,0.07720959435947822,0.05410821643286573
0.9963161211128954,0.47712350789456187,0.07852308894353657,0.05611222444889779
0.9990021343753697,0.47977820163073936,0.07979958010883913,0.058116232464929855
1.0,0.48204869864483196,0.08103729695985395,0.06012024048096192
0.9993318771735749,0.4839335101097281,0.08223457462900244,0.06212424849699398
0.9970292936704878,0.4854322609223191,0.08338985938311967,0.06412825651302605
0.993132688882926,0.4865456799644691,0.08450171315912809,0.06613226452905811
0.9876908776123874,0.4872755849480338,0.08556881750879375,0.06813627254509018
0.9807604434658711,0.48762486200503224,0.08658997693685364,0.07014028056112225
0.972405071451367,0.4875974402195612,0.08756412162133356,0.0721442885771543
0.9626948299333965,0.4871982613315447,0.08849030950942044,0.07414829659318636
0.9517054124855795,0.48643324487345285,0.08936772778682034,0.07615230460921843
0.93951735036434,0.4853092490293802,0.09019569372304667,0.0781563126252505
0.9262152063297985,0.48383402753129773,0.09097365489951303,0.08016032064128256
0.9118867603646539,0.4820161829296901,0.09170118883161502,0.08216432865731463
0.896622197500548,0.47986511659479203,0.09237800200012415,0.08416833667334668
0.8805133074681122,0.4773909758204481,0.09300392831116117,0.08617234468937875
0.8636527052580996,0.4746045984149146,0.09357892700772469,0.08817635270541081
0.8461330809350374,0.47151745517183913,0.09410308005918556,0.09018036072144288
0.8280464862017043,0.46814159061998123,0.09457658905831227,0.09218436873747494
0.8094836642927663,0.464489562452434,0.09499977165821358,0.09418837675350701
0.7905334288004036,0.46057438003454954,0.09537305758407436,0.09619238476953906
0.7712820960245332,0.45640944238537917,0.09569698425668798,0.09819639278557113
0.7518129744154883,0.45200847601969824,0.095972192066551,0.1002004008016032
0.7322059136573079,0.44738547302706577,0.09619941933866098,0.10220440881763526
0.7125369149429139,0.4425546297511056,0.09637949702915646,0.10420841683366733
0.6928778030349498,0.43753028641614883,0.09651334319554689,0.1062124248496994
0.67329595980235,0.4323268680303781,0.0966019572825062,0.10821643286573146
0.6538541180852725,0.42695882687420716,0.0966464142650614,0.11022044088176351
0.63461021398034,0.4214405868606518,0.09664785869049379,0.11222444889779558
0.6156172949620223,0.4157864900308827,0.0966074986594158,0.11422845691382764
0.5969234806706879,0.41001074542326676,0.09652659978529438,0.11623246492985971
0.5785719727068364,0.4041273805284721,0.0964064791702019,0.11823647294589178
0.5606011093760822,0.39815019551660186,0.09624849943278593,0.12024048096192384
0.5430444610302979,0.39209272039551984,0.09605406282241806,0.1222444889779559
0.5259309614447801,0.3859681752323056,0.0958246054512097,0.12424849699398796
0.5092850705557668,0.37978943354285005,0.0955615916731181,0.12625250501002003
0.49312696385196,0.37356898892791096,0.09526650863673464,0.1282565130260521
0.47747274376162746,0.3673189250078612,0.09494086103557588,0.13026052104208416
0.46233466849600996,0.36105088868299606,0.09458616607684077,0.13226452905811623
0.44772139399224153,0.3547760667219769,0.0942039486866551,0.1342685370741483
0.4336382248361462,0.34850516565775486,0.0937957369668603,0.13627254509018036
0.42008737032815563,0.34224839494839293,0.09336305791543857,0.13827655310621242
0.40706820217535916,0.3360154533398254,0.09290743341972407,0.1402805611222445
0.39457751064007734,0.32981551834858996,0.09243037652867477,0.14228456913827653
0.3826097563419005,0.3236572387653648,0.09193338800769116,0.1442885771543086
0.37115731528721674,0.3175487300645498,0.09141795317679144,0.14629258517034066
0.3602107150801496,0.3114975725913117,0.09088553903042228,0.14829659318637273
0.34975886064417966,0.30551081238554584,0.09033759163480523,0.1503006012024048
0.33978924814803835,0.29959496449187967,0.08977553379653078,0.15230460921843686
0.3302881661769023,0.2937560185964856,0.08920076299410093,0.15430861723446893
0.32124088351554575,0.2879994468246815,0.0886146495623477,0.156312625250501
0.3126318232098629,0.2823302135283417,0.08801853511806094,0.15831663326653306
0.3044447228437156,0.27675278688875726,0.08741373121383098,0.16032064128256512
0.2966627812071586,0.2712711521588125,0.08680151820597996,0.1623246492985972
0.28926879173807424,0.2658888263680157,0.08618314432157714,0.16432865731462926
0.28224526329147853,0.26060887431505414,0.08555982490886334,0.16633266533066132
0.27557452892921297,0.25543392567489465,0.0849327418549871,0.16833667334669336
0.2692388435281352,0.250366193051032,0.08430304315472388,0.17034068136272543
0.2632204710785726,0.24540749080816213,0.0836718426138455,0.1723446893787575
0.25750176258865354,0.24055925452608837,0.08304021967098422,0.17434869739478956
0.25206522552637345,0.2358225609221934,0.08240921932220223,0.17635270541082163
0.24689358572278616,0.23119814809693381,0.08177985213301066,0.1783567134268537
0.24196984262932147,0.22668643596458088,0.08115309432325521,0.18036072144288576
0.23727731877326919,0.22228754673974607,0.08052988791110105,0.18236472945891782
0.23279970419112953,0.21800132535885444,0.07991114090327449,0.1843687374749499
0.228521096543234,0.21382735972470593,0.07929772751973409,0.18637274549098196
0.22442603752799087,0.20976500067137221,0.07869048844203576,0.18837675350701402
0.22049954612355477,0.2058133815559106,0.078090231075807,0.1903807615230461
0.21672714909163543,0.20197143739260195,0.07749772981892565,0.19238476953907813
0.21309490908532971,0.19823792345458102,0.0769137263281991,0.1943887775551102
0.20958945061277515,0.1946114332767212,0.07633892977854202,0.19639278557114226
0.20619798402335876,0.19109041600244975,0.0757740171098341,0.19839679358717432
0.20290832760490804,0.18767319302571314,0.07521963325779171,0.2004008016032064
0.19970892781044336,0.18435797388748942,0.07467639136628848,0.20240480961923846
0.19658887757270965,0.18114287139416863,0.07414487297961406,0.20440881763527052
0.19353793261476177,0.17802591593255643,0.07362562821413222,0.2064128256513026
0.1905465256257669,0.17500506896331292,0.07311917590969712,0.20841683366733466
0.18760577814312693,0.17207823568128966,0.07262600376200312,0.21042084168336672
0.18470750996484844,0.1692432768373544,0.07214656843775787,0.2124248496993988
0.18184424590937925,0.16649801972204423,0.07168129567519967,0.21442885771543085
0.1790092197432735,0.1638402683165798,0.07123058037299579,0.21643286573146292
0.17619637510916503,0.1612678126216002,0.07079478667099438,0.21843687374749496
0.17340036330659805,0.15877843717827556,0.07037424802662932,0.22044088176352702
0.17061653780516203,0.15636992880031933,0.06996926729100746,0.2224448897795591
0.1678409454018699,0.154040083538885,0.06958011678885542,0.22444889779559116
0.16507031397150068,0.1517867129053182,0.06920703840655873,0.22645290581162322
0.16230203679844266,0.14960764937937718,0.06885024369249798,0.2284569138276553
0.15953415352014597,0.14750075123270945,0.06850991397379548,0.23046092184368736
0.15676532775439134,0.14546390669930287,0.06818620049342251,0.23246492985971942
0.15399482152411892,0.14349503752606213,0.06787922457138902,0.2344689378757515
0.1512224666334778,0.14159210193791746,0.06758907779348884,0.23647294589178355
0.14844863318618498,0.13975309705272557,0.06731582223074557,0.23847695390781562
0.14567419547146968,0.13797606078183866,0.06705949069238033,0.24048096192384769
0.14290049547319408,0.1362590732525752,0.06682008701475971,0.24248496993987975
0.14012930428379064,0.13460025778892346,0.06659758638840697,0.2444889779559118
0.13736278172607855,0.13299778148672692,0.06639193572478849,0.24649298597194386
0.13460343450274073,0.1314498554192706,0.06620305406420714,0.24849699398797592
0.13185407320518533,0.1299547345087226,0.06603083302577348,0.250501002004008
0.12911776852086645,0.12851071709824755,0.06587513730007669,0.25250501002004005
0.12639780698107547,0.12711614425880086,0.06573580518484755,0.2545090180360721
0.12369764659006616,0.12576939886371125,0.06561264916360933,0.2565130260521042
0.12102087267157305,0.12446890446312342,0.06550545652703489,0.25851703406813625
0.1183711542606818,0.12321312398924443,0.06541399003649721,0.2605210420841683
0.11575220135812293,0.12200055832211076,0.06533798862908527,0.2625250501002004
0.11316772335085332,0.1208297447443037,0.06527716816320117,0.26452905811623245
0.11062138888762234,0.11969925531168607,0.06523122220370264,0.2665330661322645
0.10811678748161631,0.11860769516580782,0.06519982284547073,0.2685370741482966
0.10565739309445911,0.11755370081217985,0.06518262157420035,0.27054108216432865
0.10324652993719516,0.1165359383871126,0.0651792501631791,0.2725450901803607
0.10088734070455307,0.11555310193430655,0.06518932160480564,0.2745490981963928
0.09858275743895079,0.11460391171082386,0.06521243107560658,0.27655310621242485
0.09633547520037562,0.11368711254052462,0.06524815693353997,0.2785571142284569
0.0941479286974867,0.11280147223149792,0.06529606174641907,0.280561122244489
0.09202227201395026,0.11194578007243687,0.06535569335033074,0.282565130260521
0.08996036154198297,0.11111884542137393,0.06542658593699197,0.28456913827655306
0.0879637422122482,0.11031949639864412,0.06550826116902692,0.2865731462925851
0.08603363708539279,0.10954657869440985,0.06560022932220232,0.2885771543086172
0.08417094034551881,0.1087989544995935,0.06570199045369195,0.29058116232464926
0.08237621370958592,0.10807550156758002,0.0658130355954604,0.2925851703406813
0.08064968623906706,0.10737511241261191,0.06593284797185306,0.2945891783567134
0.07899125751111384,0.10669669364938275,0.06606090424046035,0.29659318637274545
0.07740050407608413,0.10603916547698124,0.0661966757552618,0.2985971943887775
0.0758766890967056,0.1054014613090023,0.06633962985098346,0.3006012024048096
0.07441877503167807,0.1047825275503555,0.06648923114747833,0.30260521042084165
0.07302543919350475,0.10418132352009583,0.06664494287279323,0.3046092184368737
0.07169509197728975,0.10359682151840317,0.06680622820340669,0.3066132264529058
0.07042589752473012,0.10302800703472109,0.06697255161989542,0.30861723446893785
0.06921579655623403,0.10247387909300991,0.06714338027604529,0.3106212424849699
0.06806253107475704,0.10193345072905899,0.06731818537913857,0.312625250501002
0.06696367061836253,0.10140574959386149,0.06749644357883298,0.31462925851703405
0.06591663971548539,0.1008898186761789,0.06767763836171935,0.3166332665330661
0.06491874617821519,0.10038471713660597,0.06786126144828361,0.3186372745490982
0.06396720985537688,0.0998895212447142,0.06804681418862256,0.32064128256513025
0.06305919145945035,0.09940332541013977,0.06823380895288118,0.3226452905811623
0.06219182108002207,0.09892524329791721,0.06842177051198471,0.3246492985971944
0.06136222600193399,0.09845440901777544,0.06861023740385083,0.32665330661322645
0.06056755745885985,0.09798997837666837,0.06879876327988428,0.3286573146292585
0.05980501597279017,0.09753113018339425,0.06898691822618894,0.3306613226452906
0.059071874956725307,0.09707706759383865,0.06917429005358555,0.33266533066132264
0.05836550229143189,0.0966270194851066,0.06936048555021289,0.33466933867735466
0.0576833796268755,0.09618024184661851,0.06954513169020368,0.3366733466933867
0.057023119204149174,0.09573601917613205,0.06972787679169615,0.3386773547094188
0.05638247804342526,0.09529366586859211,0.06990839161726027,0.34068136272545085
0.05575936939657134,0.09485252758574352,0.07008637040968414,0.3426853707414829
0.05515187141830534,0.09441198259451643,0.07026153185600653,0.344689378757515
0.0545582330657841,0.09397144306236925,0.07043361997268792,0.34669338677354705
0.05397687729187757,0.0935303562979781,0.07060240490488477,0.3486973947895791
0.05340640165062639,0.09308820592599065,0.0707676836329518,0.3507014028056112
0.052845576483102515,0.09264451298487604,0.07092928057953089,0.35270541082164325
0.05229334089671129,0.09219883693736843,0.07108704811089642,0.3547094188376753
0.0517487967896839,0.09175077658347157,0.07124086692663295,0.3567134268537074
0.05121120120400491,0.09129997086652814,0.0713906463321978,0.35871743486973945
0.050679957313457515,0.0908460995634958,0.07153632438948117,0.3607214428857715
0.0501546043681784,0.09038888385121006,0.07167786794112117,0.3627254509018036
0.049634806922737876,0.08992808674114139,0.07181527250503783,0.36472945891783565
0.04912034367116002,0.08946351337593852,0.07194856203643928,0.3667334669338677
0.048611096199668795,0.08899501118183628,0.07207778855539833,0.3687374749498998
0.0481070379467211,0.08852246987190494,0.0722030316389946,0.37074148296593185
0.04760822363078942,0.08804582129598738,0.07232439777797554,0.3727454909819639
0.047114779370352244,0.08756503913413169,0.0724420195988738,0.374749498997996
0.04662689367881419,0.08708013843128237,0.07255605495353416,0.37675350701402804
0.046144809470974164,0.08659117497198042,0.07266668587904761,0.3787575150300601
0.04566881716868787,0.08609824449485677,0.07277411743212439,0.3807615230460922
0.04519924894310564,0.08560148174770585,0.07287857640298129,0.38276553106212424
0.04473647408095072,0.08510105938497457,0.07298030991484285,0.38476953907815625
0.04428089541431805,0.08459718671052872,0.07307958391614591,0.3867735470941883
0.04383294670897944,0.08409010826960438,0.07317668157349487,0.3887775551102204
0.04339309086658443,0.08358010229483723,0.07327190157432031,0.39078156312625245
0.04296181876271104,0.08306747901229997,0.07336555634902271,0.3927855711422845
0.04253964851649329,0.08255257881441085,0.0734579702231677,0.3947895791583166
0.04212712496934525,0.08203577030754239,0.07354947751096033,0.39679358717434865
0.041724819140667606,0.0815174482430365,0.07364042056183712,0.3987975951903807
0.04133332742762139,0.08099803134118588,0.0737311477724887,0.4008016032064128
0.04095327032407048,0.08047796001853799,0.07382201157701836,0.40280561122244485
0.040585290450313644,0.07995769402960472,0.07391336642820386,0.4048096192384769
0.04023004970967245,0.07943771003472438,0.07400556678299582,0.406813627254509
0.039888225419527495,0.07891849910642182,0.07409896510539803,0.40881763527054105
0.039560505301945895,0.07840056418711129,0.07419390989981207,0.4108216432865731
0.039247581261355906,0.07788441751142805,0.07429074378769972,0.4128256513026052
0.03895014192240623,0.0773705780068048,0.07438980164010317,0.41482965931863724
0.038668863948688216,0.07685956868616976,0.07449140877811501,0.4168336673346693
0.03840440221084823,0.0763519140467827,0.07459587925283685,0.4188376753507014
0.038157378919216556,0.07584813748930115,0.0747035142157162,0.42084168336673344
0.037928371879922484,0.07534875877111243,0.07481460038938638,0.4228456913827655
0.03771790207314144,0.07485429150783685,0.07492940864830495,0.4248496993987976
0.03752642078636515,0.07436524073667705,0.07504819271756262,0.42685370741482964
0.03735429656330995,0.07388210055492729,0.0751711879972465,0.4288577154308617
0.03720180224941397,0.07340535184656374,0.07529861051870809,0.4308617234468938
0.037069102427191594,0.07293546010927034,0.07543065603799497,0.43286573146292584
0.0369562415386373,0.07247287339367706,0.07556749927059667,0.4348697394789579
0.03686313298730339,0.07201802036585819,0.0757092932705188,0.4368737474949899
0.036789549499773685,0.07157130850337345,0.07585616895556449,0.438877755511022
0.0367351150054463,0.07113312243426927,0.07600823477957191,0.44088176352705405
0.0366992982654777,0.07070382242753503,0.0761655765512448,0.4428857715430861
0.036681408447317265,0.07028374304251231,0.0763282573981403,0.4448897795591182
0.036680592801528605,0.06987319194372021,0.07649631787333704,0.44689378757515025
0.03669583655376918,0.06947244888645963,0.07666977620132251,0.4488977955911823
0.03672596507819484,0.06908176487743166,0.07684862865872681,0.4509018036072144
0.036769648370543986,0.06870136151343983,0.0770328500846676,0.45290581162324645
0.036825407791129826,0.06833143050006991,0.07722239451470132,0.4549098196392785
0.03689162500128137,0.06797213335102734,0.07741719593168282,0.4569138276553106
0.036966552972708594,0.06762360126763786,0.07761716912622592,0.45891783567134264
0.03704832890899004,0.06728593519679077,0.077822210658942,0.4609218436873747
0.0371349888829038,0.06695920606445065,0.07803219991620057,0.4629258517034068
0.03722448396348306,0.06664345518068733,0.07824700025081761,0.46492985971943884
0.03731469758310292,0.06633869481106035,0.07846646019883229,0.4669338677354709
0.03740346387800642,0.0660449089081038,0.07869041476335614,0.468937875751503
0.03748858672564551,0.06576205399562114,0.0789186867564028,0.47094188376753504
0.03756785919900713,0.06549006019752981,0.07915108818959939,0.4729458917835671
0.037639083161459815,0.06522883240206889,0.07938742170474052,0.4749498997995992
0.03770008873515039,0.06497825155135059,0.07962748203527624,0.47695390781563124
0.03774875339096451,0.06473817604546252,0.07987105749001144,0.4789579158316633
0.0377830204277779,0.06450844324965196,0.08011793145053064,0.48096192384769537
0.037800916632271024,0.06428887109251838,0.08036788387413585,0.48296593186372744
0.03780056893699727,0.0640792597426524,0.08062069279440079,0.4849699398797595
0.03778021992268429,0.0638793933507377,0.08087613581177708,0.48697394789579157
0.037738242039892254,0.06368904184383903,0.08113399156704627,0.4889779559118236
0.037673150454196565,0.06350796275837942,0.0813940411907766,0.49098196392785565
0.03758361444708822,0.06333590309822187,0.08165606972231196,0.4929859719438877
0.03746846733100167,0.06317260120425537,0.08191986749218888,0.4949899799599198
0.0373267148606027,0.06301778862199961,0.08218523146223809,0.49699398797595185
0.037157542143164884,0.06287119195393864,0.0824519665179714,0.4989979959919839
0.036960319068153155,0.06273253468360791,0.08271988670819175,0.501002004008016
0.036734604289804164,0.06260153895884678,0.08298881642706901,0.503006012024048
0.0364801478064931,0.06247792732214512,0.0832585915342294,0.5050100200400801
0.036196892187110474,0.06236142437658056,0.08352906040865796,0.5070140280561122
0.035884972497795146,0.0622517583765299,0.08380008493249065,0.5090180360721442
0.03554471498255343,0.06214866273308074,0.08407154140097418,0.5110220440881763
0.03517663454902987,0.062051877424899864,0.08434332135511174,0.5130260521042084
0.03478143110654391,0.06196115030620867,0.08461533233369321,0.5150300601202404
0.03435998479808772,0.06187623830446743,0.08488749854160378,0.5170340681362725
0.033913350161942614,0.061796908501374745,0.08515976143148482,0.5190380761523046
0.03344274925254919,0.061722939091835446,0.08543208019599778,0.5210420841683366
0.03294956374488532,0.06165412021664329,0.08570443216812401,0.5230460921843687
0.03243532604241164,0.06159025466571513,0.08597681312712294,0.5250501002004008
0.03190170940613475,0.06153115844985959,0.08624923750796981,0.5270541082164328
0.03135051712189503,0.06147666124018377,0.08652173851231794,0.5290581162324649
0.03078367072490056,0.06142660667537406,0.08679436811927041,0.531062124248497
0.030203197304966154,0.06138085253820776,0.08706719699452138,0.533066132264529
0.0296112159229286,0.06133927080374765,0.08734031429672193,0.5350701402805611
0.029009923178222142,0.061301747562737804,0.08761382738026871,0.5370741482965932
0.028401577979427932,0.06126818282474037,0.08788786139408937,0.5390781563126252
0.027788485583461222,0.061238490206536385,0.08816255877640289,0.5410821643286573
0.027172980984542853,0.061212596512222245,0.0884380786459004,0.5430861723446894
0.026557411750747474,0.061190441212294944,0.08871459609028086,0.5450901803607214
0.025944120423196125,0.06117197582978945,0.08899230135360528,0.5470941883767535
0.025335426610289934,0.06115716324223656,0.08927139892451556,0.5490981963927856
0.02473360892615985,0.06114597690881997,0.08955210652796015,0.5511022044088176
0.024140886938129637,0.0611384000326267,0.08983465402371643,0.5531062124248497
0.023559403301859034,0.061134424668320364,0.09011928221564804,0.5551102204408818
0.02299120627439095,0.061134050785874895,0.0904062415763345,0.5571142284569138
0.02243823280405939,0.061137285301250184,0.09069579089239169,0.5591182364729459
0.021902292401672456,0.061144141084978405,0.09098819583651696,0.561122244488978
0.021385051999199708,0.06115463595967891,0.09128372747298022,0.56312625250501
0.020888022000080466,0.061168791697387315,0.0915826607039989,0.565130260521042
0.020412543719043726,0.0611866330274257,0.09188527266506462,0.567134268537074
0.019959778398905743,0.06120818666521254,0.09219184107799451,0.5691382765531061
0.019530697977207644,0.061233480372042806,0.09250264257103798,0.5711422845691382
0.01912607775689911,0.061262542055354884,0.09281795097596257,0.5731462925851702
0.018746491112791096,0.06129539891844909,0.09313803561256621,0.5751503006012023
0.01839230633952109,0.06133207666794429,0.09346315957148124,0.5771543086172344
0.01806368571771599,0.06137259878653724,0.09379357800655862,0.5791583166332664
0.017760586843407235,0.0614169858778239,0.0941295364484009,0.5811623246492985
0.017482766232125597,0.061465255089079324,0.09447126915084707,0.5831663326653306
0.017229785174122596,0.06151741961699158,0.094818997482361,0.5851703406813626
0.017001017781516966,0.0615734883003789,0.09517292837429588,0.5871743486973947
0.01679566113257408,0.06163346530295213,0.09553325283798057,0.5891783567134268
0.016612747383531447,0.061697349888172465,0.09590014456241085,0.5911823647294588
0.016451157685130124,0.06176513628724056,0.09627375860407754,0.5931863727454909
0.016309637710025644,0.061836813660245314,0.09665423018011272,0.595190380761523
0.016186814569231732,0.06191236614948612,0.09704167357549254,0.597194388777555
0.01608121487134155,0.0619917730230049,0.09743618117445943,0.5991983967935871
0.015991283658059928,0.06207500890540504,0.0978378226257094,0.6012024048096192
0.01591540393406829,0.06216204409211909,0.09824664415012069,0.6032064128256512
0.015851916498844213,0.06225284494241467,0.09866266799899456,0.6052104208416833
0.01579913978307263,0.06234737434561594,0.09908589206985524,0.6072144288577154
0.015755389392907417,0.06244559225427052,0.09951628968587266,0.6092184368737474
0.015718997071634853,0.06254745627730937,0.09995380954392519,0.6112224448897795
0.015688328800195526,0.06265292232563956,0.10039837583519749,0.6132264529058116
0.01566180177534525,0.06276194530209886,0.1008498885410459,0.6152304609218436
0.015637900026663386,0.06287447982725577,0.10130822390565473,0.6172344689378757
0.015615188460704525,0.06299048099219337,0.10177323508577657,0.6192384769539078
0.015592325151783024,0.06310990512916696,0.1022447529765648,0.6212424849699398
0.015568071733519366,0.06323271059085658,0.102722587211259,0.6232464929859719
0.01554130178261563,0.06335885852887112,0.10320652733117348,0.625250501002004
0.015511007125546808,0.06348831366218616,0.103696344121198,0.627254509018036
0.015476302039084575,0.06362104502631466,0.10419179110474477,0.6292585170340681
0.015436425355912654,0.06375702669421807,0.1046926061908614,0.6312625250501002
0.0153907405261415,0.06389623846025423,0.10519851346503375,0.6332665330661322
0.015338733723397387,0.06403866647884439,0.10570922511407385,0.6352705410821643
0.015280010119497955,0.0641843038499843,0.10622444347438663,0.6372745490981964
0.015214288483750601,0.06433315114426476,0.106743863191909,0.6392785571142284
0.0151413942909206,0.06448521686064741,0.10726717348105176,0.6412825651302605
0.015061251545318384,0.06464051781091254,0.10779406046912532,0.6432865731462926
0.014973873546775091,0.0647990794253893,0.10832420961194668,0.6452905811623246
0.014879352837169065,0.06496093597534704,0.10885730816564673,0.6472945891783567
0.014777850573436101,0.06512613070821048,0.10939304769912167,0.6492985971943888
0.014669585574588386,0.06529471589259987,0.10993112663110662,0.6513026052104208
0.014554823286278733,0.06546675277103503,0.11047125277547426,0.6533066132264529
0.014433864897115085,0.06564231141901879,0.11101314587814941,0.655310621242485
0.014307036826631968,0.06582147051008184,0.11155654012887742,0.657314629258517
0.01417468078605736,0.06600431698725472,0.11210118663111625,0.6593186372745491
0.014037144590381075,0.06619094564229089,0.11264685581342483,0.6613226452905812
0.013894773874427205,0.06638145860482811,0.11319333976600013,0.6633266533066132
0.013747904837418161,0.0665759647445001,0.11374045448637014,0.6653306613226453
0.013596858110692889,0.06677457898982522,0.11428804201878373,0.6673346693386772
0.013441933812628006,0.06697742156845718,0.11483597247246288,0.6693386773547093
0.01328340782422074,0.06718461717412806,0.11538414590462913,0.6713426853707414
0.01312152928900997,0.06739629406628707,0.11593249405513852,0.6733466933867734
0.012956519312765955,0.06761258310908468,0.1164809819205045,0.6753507014028055
0.012788570812326178,0.06783361675692477,0.11702960915624386,0.6773547094188376
0.012617849439658234,0.06805952799433679,0.1175784112976829,0.6793587174348696
0.01244449548715031,0.06829044923837774,0.11812746079068774,0.6813627254509017
0.012268626663608577,0.06852651121216667,0.11867686782519228,0.6833667334669338
0.012090341617699526,0.068767841798495,0.11922678096590951,0.6853707414829658
0.011909724076712517,0.06901456488270215,0.11977738757619207,0.6873747494989979
0.011726847463508673,0.0692667991942094,0.12032891403262926,0.68937875751503
0.01154177985322962,0.06952465715621757,0.1208816257297036,0.691382765531062
0.011354589133518176,0.06978824375312656,0.12143582687554007,0.6933867735470941
0.011165348237320303,0.07005765542521002,0.1219918600815724,0.6953907815631262
0.010974140325381835,0.07033297899999268,0.12255010575074085,0.6973947895791582
0.010781063805858951,0.07061429066961118,0.12311098127060978,0.6993987975951903
0.010586237090522541,0.07090165502321175,0.12367494001959486,0.7014028056112224
0.010389803000331007,0.07119512414315235,0.12424247019623279,0.7034068136272544
0.010191932747153382,0.07149473677340604,0.12481409348312184,0.7054108216432865
0.009992829432644224,0.07180051756815943,0.12539036355884467,0.7074148296593186
0.00979273101924109,0.07211247642811403,0.12597186447270695,0.7094188376753506
0.009591912741564372,0.07243060793147434,0.12655920889867742,0.7114228456913827
0.009390688938802242,0.07275489086602357,0.12715303628621744,0.7134268537074148
0.009189414299688729,0.07308528786806073,0.12775401092701416,0.7154308617234468
0.00898848452123656,0.0734217451732994,0.12836281995769425,0.7174348697394789
0.00878833639035869,0.07376419248412057,0.12898017131961503,0.719438877755511
0.008589447303870278,0.07411254295682175,0.12960679169759418,0.721442885771543
0.008392334247153525,0.07446669331173625,0.13024342446011347,0.7234468937875751
0.008197552255101862,0.0748265240682799,0.13089082762394555,0.7254509018036072
0.008005692381012711,0.07519189990617382,0.13154977186644914,0.7274549098196392
0.007817379200085553,0.07556267015323785,0.13222103860878368,0.7294589178356713
0.007633267874359898,0.07593866939930594,0.13290541819319385,0.7314629258517034
0.007454040805565178,0.07631971823494259,0.1336037081771022,0.7334669338677354
0.0072804039017302855,0.07670562411279053,0.13431671176620655,0.7354709418837675
0.007113082482780501,0.07709618232849691,0.1350452364079573,0.7374749498997996
0.006952816849979972,0.07749117711733736,0.1357900925657909,0.7394789579158316
0.006800357544167643,0.07789038286178483,0.13655209269328358,0.7414829659318637
0.006656460318451581,0.07829356540446099,0.13733205042593846,0.7434869739478958
0.006521880852484301,0.07870048346008997,0.1381307800067166,0.7454909819639278
0.0063973692376992145,0.07911089011929605,0.13894909595957589,0.7474949899799599
0.00628366426594348,0.07952453443632344,0.13978781302330662,0.749498997995992
0.006181487557736511,0.0799411630920396,0.1406477463557415,0.751503006012024
0.006091537570800587,0.08036052212289369,0.14152971201611864,0.7535070140280561
0.006014483534385777,0.08078235870585777,0.14243452773085788,0.7555110220440882
0.005950959360037729,0.08120642298876934,0.14336301394543866,0.7575150300601202
0.005901557584594599,0.08163246995494802,0.14431599516229404,0.7595190380761523
0.0058668234060872074,0.08206026131044052,0.14529430156185175,0.7615230460921844
0.005847248877583175,0.0824895673818093,0.14629877090090815,0.7635270541082164
0.005843267327594381,0.08292016901197283,0.14733025067956657,0.7655310621242485
0.005855248078204282,0.08335185944127155,0.14838960056494033,0.7675350701402806
0.005883491533343366,0.08378444616065815,0.14947769505676653,0.7695390781563125
0.0059282247094585155,0.08421775272368788,0.15059542637701295,0.7715430861723446
0.005989597279045669,0.08465162050384833,0.15174370756248828,0.7735470941883766
0.006067678194058222,0.08508591038366274,0.15292347573645393,0.7755511022044087
0.00616245295103862,0.08552050436201133,0.15413569553218348,0.7775551102204408
0.006273821552982281,0.0859553070661349,0.15538136263852423,0.7795591182364728
0.006401597214528627,0.08639024715493838,0.1566615074346068,0.7815631262525049
0.0065455058472380055,0.08682527860037723,0.15797719867805507,0.783567134268537
0.0067051863506690625,0.08726038183398552,0.1593295472083947,0.785571142284569
0.006880191722974779,0.0876955647459356,0.16071970962476126,0.7875751503006011
0.0070699909920865596,0.08813086352441427,0.1621488918945864,0.7895791583166332
0.007273971955577681,0.08856634332358813,0.16361835284766135,0.7915831663326652
0.0074914447043342635,0.08900209874896013,0.1651294075078463,0.7935871743486973
0.007721645892556818,0.0894382541495462,0.1666834302127627,0.7955911823647294
0.007963743704707569,0.0898749637069745,0.1682818574700626,0.7975951903807614
0.008216843459121303,0.09031241131236942,0.16992619049732693,0.7995991983967935
0.008479993778395745,0.09075081022268824,0.1716179973913627,0.8016032064128256
0.008752193248609179,0.09119040248908158,0.17335891487160712,0.8036072144288576
0.009032397483068617,0.09163145815077779,0.1751506495415667,0.8056112224448897
0.009319526501799439,0.09207427418901509,0.176994978611729,0.8076152304609218
0.009612472335418263,0.09251917323661946,0.17889375002719554,0.8096192384769538
0.009910106761386626,0.09296650203995235,0.18084888194344131,0.8116232464929859
0.01021128908186824,0.09341662967114812,0.18286236149409538,0.813627254509018
0.010514873855386662,0.09386994548980906,0.18493624279555707,0.81563126252505
0.010819718499034786,0.09432685685462183,0.18707264413449665,0.8176352705410821
0.011124690683902854,0.09478778658671337,0.1892737442860867,0.8196392785571142
0.011428675453416044,0.09525317018795793,0.19154177791292912,0.8216432865731462
0.011730582002126101,0.09572345281890113,0.19387902999734585,0.8236472945891783
0.012029350060893635,0.0961990860424388,0.19628782926289576,0.8256513026052104
0.012323955843033833,0.09668052434091791,0.19877054054465093,0.8276553106212424
0.012613417514597111,0.09716822141588716,0.20132955607211217,0.8296593186372745
0.01289680016025666,0.09766262628129742,0.203967285633465,0.8316633266533066
0.013173220224049794,0.09816417916257787,0.2066861455953534,0.8336673346693386
0.013441849411280767,0.09867330721562274,0.20948854675849002,0.8356713426853707
0.013701918044100637,0.09919042008137113,0.21237688103607102,0.8376753507014028
0.01395271786854369,0.09971590529331371,0.2153535069494194,0.8396793587174348
0.014193604315087035,0.10025012355687225,0.21842073394322173,0.8416833667334669
0.014423998218124184,0.1007934039212623,0.22158080553143636,0.843687374749499
0.014643387002174124,0.10134603886602085,0.2248358812941982,0.845691382765531
0.014851325344291538,0.10190827932598544,0.22818801775595618,0.8476953907815631
0.015047435323153634,0.102480329680021,0.23163914818554143,0.8496993987975952
0.015231406065846007,0.10306234273028568,0.23519106136991128,0.8517034068136272
0.015402992903651155,0.10365441470023548,0.23884537942477438,0.8537074148296593
0.015562016048358582,0.10425658028088364,0.24260353471731602,0.8557114228456913
0.015708358800963964,0.10486880775610107,0.2464667459885125,0.8577154308617234
0.0158419653052902,0.10549099423882889,0.25043599377515247,0.8597194388777555
0.015962837860206414,0.10612296105111176,0.25451199524447243,0.8617234468937875
0.016071033805869942,0.10676444928169218,0.2586951785672134,0.8637274549098196
0.016166662001861055,0.10741511555562856,0.2629856569677655,0.8657314629258517
0.016249878918265355,0.10807452805090409,0.2673832026027791,0.8677354709418837
0.01632088436468294,0.1087421627973411,0.2718872204320661,0.8697394789579158
0.01637991688675743,0.10941740029324919,0.2764967222576027,0.8717434869739479
0.01642724886502659,0.11009952247514024,0.281210301117856,0.8737474949899798
0.016463181356561135,0.11078771007548835,0.2860261062353588,0.8757515030060119
0.016488038725805454,0.11148104040291916,0.2909418187251602,0.877755511022044
0.016502163117058138,0.11217848557834222,0.2959546282805308,0.879759519038076
0.016505908826904947,0.1128789112593742,0.30106121105966044,0.8817635270541081
0.016499636640404425,0.11358107588396339,0.3062577090031463,0.8837675350701402
0.01648370819968454,0.1142836304623694,0.3115397108164509,0.8857715430861722
0.016458480477604065,0.11498511894458772,0.3169022348541828,0.8877755511022043
0.016424300432046825,0.11568397918793771,0.3223397141438038,0.8897795591182364
0.01638149991805797,0.11637854454685141,0.32784598378505386,0.8917835671342684
0.01633039093523884,0.11706704610388559,0.3334142709579,0.8937875751503005
0.016271261286469618,0.11774761555769002,0.33903718776601666,0.8957915831663326
0.016204370721049577,0.11841828878004906,0.34470672713459066,0.8977955911823646
0.01612994763070158,0.11907701005023151,0.35041426197059344,0.8997995991983967
0.01604818636059865,0.1197216369707302,0.356150547780424,0.9018036072144288
0.015959245189700405,0.12034994606405862,0.3619057289240751,0.9038076152304608
0.015863245025347337,0.12095963904566494,0.3676693486666232,0.9058116232464929
0.015760268846405218,0.12154834976317277,0.37343036316701134,0.907815631262525
0.015650361917473283,0.12211365178721288,0.3791771595207501,0.909819639278557
0.015533532783993335,0.1226530666339666,0.38489757794746515,0.9118236472945891
0.015409755044775387,0.12316407259436425,0.3905789381862841,0.9138276553106212
0.015278969884761998,0.12364411413963843,0.3962080701320764,0.9158316633266532
0.015141089337072085,0.12409061186768998,0.40177134871355036,0.9178356713426853
0.014996000229789619,0.12450097294953841,0.4072547329807955,0.9198396793587174
0.014843568759881628,0.12487260203004064,0.4126438093347861,0.9218436873747494
0.014683645624327746,0.12520291253211918,0.4179238387953602,0.9238476953907815
0.014516071627287184,0.12548933830902326,0.4230798081673639,0.9258517034068136
0.014340683672168661,0.12572934558464782,0.42809648492729707,0.9278557114228456
0.014157321039025998,0.12592044511779754,0.43295847561555956,0.9298597194388777
0.013965831840972526,0.12606020452246944,0.4376502874822309,0.9318637274549098
0.013766079548448567,0.12614626067283485,0.44215639309811067,0.9338677354709418
0.01355794946731361,0.12617633211869514,0.4464612976074703,0.9358717434869739
0.013341355055949388,0.1261482314347512,0.4505496082653128,0.937875751503006
0.013116243967897321,0.1260598774251642,0.45440610587027613,0.939879759519038
0.012882603710010442,0.12590930710360904,0.4580158176749054,0.9418837675350701
0.01264046681163769,0.12569468736835,0.4613640913284751,0.9438877755511021
0.012389915407888748,0.12541432629185623,0.4644366693840445,0.9458917835671342
0.012131085149429678,0.12506668394512843,0.4672197638815489,0.9478957915831663
0.011864168362364388,0.12465038267823707,0.46970013050251525,0.9498997995991983
0.011589416394368102,0.12416421678059306,0.4718651417800559,0.9519038076152304
0.011307141097119453,0.12360716144719341,0.47370285884015373,0.9539078156312625
0.011017715409968761,0.1229783809804666,0.47520210114721484,0.9559118236472945
0.010721573025391777,0.12227723616141557,0.47635251372865856,0.9579158316633266
0.010419207132810533,0.12150329072846526,0.47714463135987156,0.9599198396793587
0.010111168253496675,0.12065631690773918,0.4775699392025164,0.9619238476953907
0.009798061195189342,0.1197362999444029,0.47762092940567163,0.9639278557114228
0.009480541170437042,0.1187434415911505,0.4772911532007016,0.9659318637274549
0.009159309137203323,0.11767816251682939,0.47657526804705547,0.9679358717434869
0.008835106433662596,0.11654110360555207,0.47546907941700534,0.969939879759519
0.008508708791086901,0.11533312612435556,0.47396957684261826,0.9719438877755511
0.00818091981904261,0.11405531074547826,0.4720749638876421,0.9739478957915831
0.007852564065576306,0.11270895541755582,0.4697846817501912,0.9759519038076151
0.007524479761504354,0.11129557208840997,0.46709942624862416,0.9779559118236472
0.00719751136221687,0.10981688229056571,0.4640211579926199,0.9799599198396792
0.006872502002489073,0.10827481160904881,0.460553105593448,0.9819639278557113
0.006550285979647982,0.10667148305936924,0.45669976182147093,0.9839679358717434
0.006231681378098815,0.10500920941176184,0.4524668726743266,0.9859719438877754
0.005917482943755606,0.10329048450566782,0.4478614193756954,0.9879759519038075
0.005608455310476566,0.1015179736060233,0.4428915933810423,0.9899799599198396
0.0053053266723479915,0.09969450286010113,0.4375667645232154,0.9919839679358716
0.005008782985807248,0.09782304792034317,0.4318974424861959,0.9939879759519037
0.004719462774389159,0.0959067218047924,0.42589523184929806,0.9959919839679358
0.004437952596596763,0.09394876207227029,0.41957278099616907,0.9979959919839678
0.004164783224326148,0.09195251739435946,0.4129437252322488,1.0
