y,case,control
-6.698243546150677,0.00020682070748712878,4.146371316118177e-05
-6.675922855642575,0.00021416525073958528,4.299632018018653e-05
-6.6536021651344734,0.00022175466257736874,4.4582660769545614e-05
-6.6312814746263715,0.00022959650955436703,4.6224506120156354e-05
-6.60896078411827,0.00023769857065696244,4.7923681621234006e-05
-6.586640093610168,0.0002460688425390909,4.9682068370028195e-05
-6.564319403102066,0.0002547155448626061,5.150160471853706e-05
-6.541998712593964,0.0002636471257442922,5.33842878579598e-05
-6.519678022085861,0.00027287226731090075,5.5332175441645625e-05
-6.497357331577759,0.00028239989136357016,5.734738724729189e-05
-6.475036641069657,0.0002922391651529684,5.9432106879170244e-05
-6.452715950561555,0.00030239950726651435,6.158858351115599e-05
-6.430395260053453,0.00031289059362898497,6.381913367135058e-05
-6.408074569545351,0.0003237223636178431,6.612614306910174e-05
-6.3857538790372494,0.0003349050262945768,6.851206846522258e-05
-6.3634331885291475,0.0003464490667533523,7.09794395862318e-05
-6.341112498021046,0.0003583652525882485,7.353086108344174e-05
-6.318791807512944,0.0003706646404803265,7.616901453772539e-05
-6.296471117004842,0.0003833585829057813,7.889666051081413e-05
-6.27415042649674,0.0003964587349663958,8.171664064397479e-05
-6.251829735988638,0.00040997706134349464,8.463187980492337e-05
-6.229509045480536,0.0004239258433765743,8.764538828385878e-05
-6.207188354972434,0.00043831768626776573,9.076026403948047e-05
-6.184867664464331,0.00045316552641326275,9.397969499588696e-05
-6.162546973956229,0.0004684826388628071,9.730696139124287e-05
-6.140226283448127,0.0004842826449083269,0.00010074543817912008
-6.1179055929400254,0.0005005795198027421,0.00010429859748342439
-6.0955849024319235,0.0005173876006099811,0.00010797001110781806
-6.073264211923822,0.0005347215941871658,0.00011176335310056882
-6.05094352141572,0.0005525965852999373,0.00011568240237575307
-6.028622830907618,0.0005710280448718031,0.00011973104539174837
-6.006302140399516,0.0005900318383683872,0.00012391327888796485
-5.983981449891414,0.0006096242343174401,0.0001282332126807619
-5.961660759383312,0.0006298219129653585,0.00013269507251949651
-5.93934006887521,0.0006506419750709927,0.0001373032030036856
-5.917019378367108,0.000672101950837415,0.00014206207056222274
-5.894698687859006,0.0006942198089823435,0.0001469762664956398
-5.872377997350904,0.0007170139659477836,0.00015205051008237576
-5.8500573068428015,0.0007405032952494714,0.00015728965175003555
-5.8277366163346995,0.0007647071369665842,0.00016269867631262702
-5.805415925826598,0.0007896453073722192,0.00016828270627475083
-5.783095235318496,0.0008153381087049669,0.00017404700520373925
-5.760774544810394,0.0008418063390819474,0.000179996981170735
-5.738453854302292,0.0008690713025535605,0.00018613819026169504
-5.71613316379419,0.0008971548193001476,0.00019247634015932808
-5.693812473286088,0.0009260792359707181,0.00019901729379694758
-5.671491782777986,0.0009558674361637995,0.0002057670730852359
-5.649171092269884,0.0009865428510503977,0.00021273186271293345
-5.626850401761782,0.0010181294701390128,0.00021991801402242308
-5.60452971125368,0.0010506518521825375,0.0002273320489612236
-5.582209020745578,0.0010841351362268577,0.00023498066411037428
-5.5598883302374755,0.0011186050528007693,0.00024287073479070307
-5.5375676397293745,0.0011540879352468902,0.0002510093192479715
-5.515246949221272,0.0011906107311930709,0.00025940366291787593
-5.492926258713171,0.0012282010141637346,0.00026806120277187296
-5.470605568205068,0.0012668869953305333,0.0002769895717448368
-5.448284877696966,0.0013066975354014754,0.00028619660324547946
-5.425964187188864,0.0013476621566478515,0.00029569033575052773
-5.403643496680762,0.0013898110550678766,0.00030547901748360196
-5.38132280617266,0.0014331751126860986,0.0003155711111797308
-5.359002115664558,0.0014777859099874122,0.0003259752989364833
-5.336681425156456,0.0015236757384844359,0.00033670048715260363
-5.314360734648354,0.0015708776134169228,0.00034775581155510507
-5.292040044140252,0.0016194252865817508,0.0003591506423157126
-5.2697193536321505,0.001669353259291896,0.0003708945892575682
-5.247398663124049,0.0017206967954627374,0.00038299750715308205
-5.225077972615946,0.001773491934823902,0.00039546950111379517
-5.202757282107845,0.001827775506254675,0.00040832093207312294
-5.180436591599742,0.0018835851412410587,0.0004215624223628253
-5.158115901091641,0.0019409592874521202,0.00043520486138402196
-5.135795210583538,0.0019999372224335393,0.00044925941137358085
-5.113474520075436,0.002060559067415797,0.00046373751326664504
-5.091153829567334,0.002122865801234529,0.00047865089265610773
-5.068833139059232,0.0021868992743603014,0.0004940115658497647
-5.04651244855113,0.002252702223034972,0.0005098318460258898
-5.024191758043028,0.002320318283511769,0.0005261243494879338
-5.0018710675349265,0.0023897920063958534,0.0005429020020190454
-4.979550377026825,0.0024611688710822017,0.0005601780453370727
-4.957229686518723,0.0025344953002872984,0.0005779660436506926
-4.934908996010621,0.002609818674671257,0.000596279890317256
-4.912588305502519,0.002687187347546496,0.000615133814602957
-4.890267614994416,0.0027666506596692023,0.0006345423885458723
-4.867946924486315,0.0028482589541095173,0.0006545205339223907
-4.845626233978212,0.002932063591196329,0.0006750835293175412
-4.823305543470111,0.003018116963532266,0.0006962470172996396
-4.800984852962008,0.0031064725110744804,0.0007180270116997411
-4.778664162453906,0.003197184736276377,0.000740439904996236
-4.756343471945804,0.0032903092192857063,0.000763502475804977
-4.7340227814377025,0.00338590263319375,0.0007872318964752274
-4.711702090929601,0.0034840227593306984,0.0008116457407917286
-4.689381400421499,0.003584728502601541,0.0008367619917831133
-4.667060709913397,0.0036880799068572372,0.0008625990496368712
-4.644740019405295,0.003794138170295259,0.0008891757397209863
-4.622419328897193,0.0039029656608837934,0.0009165113207123879
-4.600098638389091,0.004014625931803301,0.0009446254928322562
-4.577777947880989,0.00412918373689939,0.0009735384061882031
-4.555457257372886,0.004246705046140434,0.001003270669223272
-4.533136566864785,0.004367257061073419,0.0010338433572716858
-4.510815876356682,0.004490908230271119,0.0010652780212212082
-4.488495185848581,0.004617728264763497,0.0010975966962818908
-4.4661744953404785,0.004747788153446439,0.0011308219108610166
-4.4438538048323775,0.004881160178460094,0.0011649766955438385
-4.421533114324275,0.005017917930529559,0.0012000845921798476
-4.399212423816173,0.005158136324259685,0.0012361696630740864
-4.376891733308071,0.005301891613376599,0.0012732565002830437
-4.354571042799969,0.005449261405907332,0.0013113702350145485
-4.332250352291867,0.005600324679289342,0.0013505365471310872
-4.309929661783765,0.005755161795401432,0.0013907816747558415
-4.287608971275663,0.005913854515507135,0.0014321324239807208
-4.265288280767561,0.006076486015101778,0.0014746161786755028
-4.242967590259459,0.006243140898654004,0.0015182609103972743
-4.220646899751356,0.00641390521423233,0.0015630951883991676
-4.198326209243255,0.006588866468007246,0.0016091481897373319
-4.176005518735153,0.006768113638619088,0.0016564497094750939
-4.1536848282270515,0.006951737191401773,0.0017050301709830007
-4.131364137718949,0.007139829092452239,0.001754920636333612
-4.109043447210848,0.007332482822535001,0.001806152816789552
-4.086722756702745,0.007529793390811648,0.0018587590833835013
-4.064402066194643,0.007731857348384389,0.0019127724775884843
-4.042081375686541,0.00793877280164256,0.001968226722076971
-4.019760685178439,0.008150639425401217,0.0020251562315669806
-3.997439994670337,0.008367558475820113,0.002083596123753494
-3.9751193041622352,0.008589632803092079,0.002143582230323218
-3.9527986136541333,0.008816966863888637,0.002205151108050789
-3.9304779231460314,0.009049666733551086,0.002268340049974294
-3.908157232637929,0.009287840118015058,0.0023331870966480377
-3.885836542129827,0.009531596365456209,0.0023997310474701394
-3.863515851621725,0.009781046477644637,0.0024680114720828194
-3.8411951611136232,0.010036303120995241,0.002538068721842632
-3.8188744706055213,0.010297480637301527,0.0026099439413583923
-3.7965537800974194,0.010564695054139504,0.002683679080093834
-3.7742330895893175,0.010838064094928873,0.0027593169040324808
-3.751912399081215,0.011117707188637879,0.002836901007401615
-3.729591708573113,0.01140374547911855,0.00291647582445253
-3.7072710180650112,0.011696301834058705,0.0029980866412938913
-3.6849503275569093,0.011995500853536609,0.0030817796077750063
-3.6626296370488074,0.012301468878164806,0.0031676017494155903
-3.6403089465407055,0.012614333996808542,0.0032556009793787673
-3.6179882560326035,0.012934226053864946,0.00334582611048359
-3.5956675655245016,0.013261276656088287,0.003438326867253475
-3.5733468750163992,0.013595619178946855,0.003533153897996673
-3.5510261845082973,0.013937388772496917,0.003630358786915017
-3.5287054940001954,0.014286722366758927,0.003729994066236771
-3.5063848034920935,0.014643758676580857,0.0038321132283694434
-3.4840641129839915,0.015008638205974183,0.0039367707380683755
-3.4617434224758896,0.015381503251906658,0.004044022044616521
-3.4394227319677877,0.015762497907537466,0.004153923594011103
-3.4171020414596853,0.016151768064878613,0.004266532841152253
-3.3947813509515834,0.01654946141686794,0.004381908262029107
-3.3724606604434815,0.016955727458837715,0.0045001093658981
-3.3501399699353795,0.01737071748936331,0.004621196707448777
-3.3278192794272776,0.017794584610476782,0.00474523189895167
-3.3054985889191757,0.018227483727228905,0.004872277622383085
-3.2831778984110738,0.018669571546584725,0.005002397641521202
-3.260857207902972,0.019121006575636118,0.005135656814008101
-3.2385365173948695,0.01958194911911619,0.0052721211033719
-3.2162158268867675,0.020052561276198894,0.005411857591003064
-3.1938951363786656,0.020533006936569145,0.005554934488079202
-3.1715744458705637,0.02102345177574578,0.005701421147431813
-3.1492537553624618,0.021524063249643798,0.005851388075349164
-3.12693306485436,0.02203501058835741,0.006004906943308586
-3.104612374346258,0.02255646478915061,0.006162050599631911
-3.0822916838381555,0.02308859860863702,0.0063228930810571215
-3.0599709933300536,0.023631586554135303,0.006487509624219715
-3.0376503028219517,0.024185604874182753,0.006655976677036667
-3.0153296123138498,0.02475083154819253,0.006828371909985993
-2.993008921805748,0.025327446275237996,0.007004774227274566
-2.970688231297646,0.025915630461949418,0.007185263777887174
-2.948367540789544,0.02651556720950677,0.007369921966508998
-2.926046850281442,0.027127441299714127,0.007558831464314161
-2.9037261597733397,0.02775143918013937,0.007752076219612342
-2.8814054692652378,0.028387748948305078,0.007949741468345924
-2.859084778757136,0.029036560334914984,0.008151913744429357
-2.836764088249034,0.029698064686101134,0.008358680889922773
-2.814443397740932,0.030372454944677565,0.008570132065031549
-2.79212270723283,0.031059925630385055,0.008786357757923326
-2.769802016724728,0.03176067281911387,0.009007449794354144
-2.7474813262166258,0.03247489412108891,0.009233501347094802
-2.725160635708524,0.0332027886580045,0.009464606945148966
-2.702839945200422,0.033944557039094395,0.009700862482753708
-2.68051925469232,0.034700401336123884,0.009942365228153827
-2.658198564184218,0.03547052505729031,0.010189213832140661
-2.635877873676116,0.03625513312001966,0.01044150833634606
-2.613557183168014,0.03705443182264564,0.010699350181282125
-2.5912364926599123,0.037868628814959865,0.010962842214117361
-2.5689158021518104,0.0386979330676198,0.01123208869617951
-2.5465951116437084,0.03954255484040395,0.011507195310175387
-2.5242744211356065,0.0404027056493014,0.011788269167117671
-2.5019537306275046,0.04127859823242609,0.012075418812949112
-2.4796330401194018,0.04217044651474343,0.012368754234853825
-2.4573123496113,0.043078465571600055,0.012668386867245448
-2.434991659103198,0.044002871591046135,0.012974429597422274
-2.412670968595096,0.04494388183494076,0.013286996770878533
-2.390350278086994,0.04590171459883059,0.013606204196261863
-2.368029587578892,0.04687658917059434,0.013932169149966157
-2.34570889707079,0.04786872578784258,0.014265010380349337
-2.3233882065626883,0.04887834559406746,0.014604848111565028
-2.3010675160545864,0.04990567059353249,0.014951804046998017
-2.2787468255464844,0.05095092360489743,0.01530600137229202
-2.2564261350383825,0.05201432821356996,0.015667564757959152
-2.2341054445302806,0.05309610872278005,0.01603662036156012
-2.2117847540221787,0.05419649010336989,0.01641329582944402
-2.1894640635140767,0.05531569794229567,0.016797720298036656
-2.167143373005975,0.05645395838983616,0.017190024394666426
-2.144822682497872,0.05761149810550467,0.017590340237916207
-2.12250199198977,0.05878854420266108,0.01799880143749028
-2.100181301481668,0.05998532419182149,0.01841554309358516
-2.0778606109735662,0.0612020659226628,0.018840701795752465
-2.0555399204654643,0.062438997524722296,0.019274415621243185
-2.0332192299573624,0.06369634734678939,0.01971682413282141
-2.0108985394492604,0.06497434389499203,0.02016806837603658
-1.9885778489411585,0.06627321576957564,0.02062829087594241
-1.9662571584330566,0.06759319160037783,0.02109763563325173
-1.9439364679249547,0.06893449998100053,0.02157624811991516
-1.9216157774168527,0.07029736940168056,0.022064275274112775
-1.8992950869087508,0.07168202818086454,0.022561865494646904
-1.876974396400649,0.07308870439548994,0.02306916863472537
-1.854653705892547,0.07451762580997871,0.02358633599512306
-1.832333015384445,0.0759690198039479,0.024113520316711188
-1.8100123248763422,0.07744311329864458,0.02465087577234246
-1.7876916343682403,0.07894013268211081,0.025198557958081402
-1.7653709438601384,0.08046030373308878,0.025756723883768505
-1.7430502533520364,0.08200385154367194,0.02632553196290673
-1.7207295628439345,0.08357100044071439,0.026905142001860057
-1.6984088723358326,0.08516197390600623,0.027495715188352324
-1.6760881818277307,0.08677699449522877,0.028097414079256266
-1.6537674913196287,0.08841628375569843,0.028710402587661287
-1.6314468008115268,0.09008006214291547,0.029334845969209586
-1.609126110303425,0.09176854893592783,0.029970910807690005
-1.586805419795323,0.09348196215152792,0.03061876499987931
-1.564484729287221,0.09522051845729437,0.03127857773962003
-1.5421640387791191,0.09698443308349847,0.031950519501125235
-1.5198433482710172,0.09877391973388885,0.03263476202149954
-1.4975226577629153,0.10058919049537605,0.033331478282467186
-1.4752019672548125,0.10243045574663254,0.034040842491296436
-1.4528812767467105,0.1042979240656303,0.034763030060911373
-1.4305605862386086,0.10619180213613595,0.03549821758918158
-1.4082398957305067,0.10811229465318523,0.03624658283737966
-1.3859192052224047,0.11005960422755788,0.03700830470779885
-1.3635985147143028,0.11203393128927985,0.03778356322052038
-1.341277824206201,0.11403547399017291,0.038572539489322905
-1.318957133698099,0.11606442810548065,0.03937541569672486
-1.296636443189997,0.11812098693459445,0.040192375068152264
-1.2743157526818951,0.12020534120090899,0.04102360184522298
-1.2519950621737932,0.12231767895083238,0.0418692812581403
-1.2296743716656913,0.12445818545198284,0.04272959949718809
-1.2073536811575893,0.12662704309060088,0.04360474368332042
-1.1850329906494874,0.12882443126820609,0.044494901837838226
-1.1627123001413855,0.13105052629753364,0.04540026285114684
-1.1403916096332827,0.1333055012977798,0.046321016450587255
-1.1180709191251808,0.1355895260891928,0.0472573531673358
-1.0957502286170788,0.1379027670870422,0.04820946430236572
-1.073429538108977,0.14024538719500212,0.0491775418914654
-1.051108847600875,0.14261754569798546,0.05016177866930788
-1.028788157092773,0.1450193981544658,0.05116236803256708
-1.0064674665846711,0.14745109628832517,0.05217950400207568
-0.9841467760765692,0.14991278788026735,0.05321338118402144
-0.9618260855684673,0.15240461665883534,0.05426419473017683
-0.9395053950603653,0.15492672219107537,0.05533214029715966
-0.9171847045522634,0.15747923977288783,0.056417414004720695
-0.8948640140441615,0.16006230031910829,0.05752021239305694
-0.8725433235360596,0.16267603025336136,0.058640732379146666
-0.8502226330279576,0.16532055139773294,0.05977917121210527
-0.8279019425198557,0.16799598086230386,0.06093572642756042
-0.8055812520117529,0.17070243093459245,0.062110595801045804
-0.783260561503651,0.17344000896895118,0.06330397730041122
-0.760939870995549,0.17620881727596674,0.06451606903725166
-0.7386191804874471,0.17900895301190906,0.06574706921735296
-0.7162984899793452,0.18184050806828067,0.06699717609015604
-0.6939777994712433,0.18470356896151394,0.06826658789724158
-0.6716571089631413,0.1875982167228688,0.0695555028198352
-0.6493364184550394,0.190524526788579,0.07086411892533682
-0.6270157279469375,0.19348256889030185,0.07219263411287564
-0.6046950374388356,0.19647240694592114,0.07354124605789551
-0.5823743469307336,0.199494098950758,0.07491015215577235
-0.5600536564226317,0.20254769686924248,0.07629954946446975
-0.5377329659145298,0.20563324652710008,0.07770963464623583
-0.5154122754064279,0.20875078750410847,0.07914060390834832
-0.49309158489832594,0.21190035302747956,0.08059265294291182
-0.4707708943902231,0.21508196986592265,0.08206597686571512
-0.4484502038821212,0.21829565822444416,0.08356077015415439
-0.4261295133740193,0.22154143163994403,0.08507722658423052
-0.40380882286591735,0.22481929687766153,0.08661553916662808
-0.3814881323578154,0.228129253828532,0.0881759000818846
-0.3591674418497135,0.23147129540750988,0.08975850061465947
-0.33684675134161157,0.23484540745291943,0.09136353108711169
-0.31452606083350965,0.23825156862688898,0.09299118079139813
-0.2922053703254077,0.24168975031692994,0.09464163792130127
-0.2698846798173058,0.24515991653871955,0.09631508950299968
-0.24756398930920387,0.24866202384014624,0.0980117213249919
-0.22524329880110194,0.25219602120667894,0.0997317178671883
-0.20292260829300002,0.25576184996811924,0.10147526222918221
-0.1806019177848981,0.2593594437067968,0.10324253605771545
-0.15828122727679617,0.26298872816727026,0.10503371947335234
-0.13596053676869335,0.2666496211675902,0.10684899099637885
-0.11363984626059143,0.27034203251218974,0.10868852747193904
-0.0913191557524895,0.274065863906459,0.11055250399443056
-0.06899846524438757,0.2778210088730665,0.1124410938311711
-0.04667777473628565,0.2816073526700876,0.11435446834535654
-0.024357084228183723,0.28542477221099855,0.11629279691832867
-0.002036393720081797,0.28927313598660115,0.11825624687117076
0.02028429678802013,0.2931523039889317,0.12024498338565069
0.042604987296122054,0.29706212763721984,0.12225916942453237
0.06492567780422398,0.30100244970595447,0.1242989656512761
0.0872463683123259,0.3049731042551163,0.12636453034914913
0.10956705882042783,0.30897391656263673,0.12845601933976875
0.13188774932852976,0.3130047030591426,0.1305735859011001
0.15420843983663168,0.31706527126504264,0.13271738068493402
0.1765291303447336,0.32115541973001765,0.1348875516338658
0.19884982085283642,0.3252749379749688,0.1370842438978025
0.22117051136093835,0.3294236064364814,0.13930759975002163
0.24349120186904027,0.3336011964138642,0.14155775850281005
0.2658118923771422,0.3378074700188147,0.14383485642270563
0.2881325828852441,0.34204218012777104,0.14613902664537287
0.31045327339334605,0.3463050703370008,0.14847039909013682
0.332773963901448,0.3505958749204851,0.15082910037420622
0.3550946544095499,0.35491431879064705,0.1532152537266127
0.37741534491765183,0.35926011746198044,0.15562897890189759
0.39973603542575376,0.36363297701762826,0.15807039209357418
0.4220567259338557,0.3680325940789634,0.16053960584739851
0.4443774164419576,0.37245865577821946,0.1630367289744776
0.46669810695005953,0.3769108397342235,0.16556186646424947
0.48901879745816146,0.38138881403127606,0.1681151193973642
0.5113394879662634,0.38589223720122734,0.17069658485850253
0.5336601784743662,0.39042075820879457,0.1733063558491627
0.5559808689824681,0.39497401644016544,0.17594452120045026
0.57830155949057,0.3995516416949323,0.17861116548590653
0.600622249998672,0.4041532541813987,0.18130636893440927
0.6229429405067739,0.40877846451529976,0.18403020734318148
0.6452636310148758,0.41342687372197684,0.18678275199094546
0.6675843215229778,0.4180980732420451,0.1895640695512564
0.6899050120310797,0.42279164494059246,0.19237422200605514
0.7122257025391816,0.42750716111994314,0.19521326655947527
0.7345463930472835,0.432244184536025,0.19808125555194397
0.7568670835553855,0.4370022684183707,0.20097823637461365
0.7791877740634874,0.4417809564937839,0.20390425138416476
0.8015084645715893,0.4465797830137058,0.2068593378180164
0.8238291550796912,0.45139827278530403,0.2098435277099872
0.8461498455877932,0.45623594120631683,0.2128568478064436
0.868470536095896,0.4610922943036753,0.21589931948297797
0.8907912266039979,0.4659668287759273,0.2189709586616549
0.9131119171120998,0.47085903203948853,0.22207177572886913
0.9354326076202018,0.47576838227873736,0.22520177545385425
0.9577532981283037,0.4806943484999753,0.22836095690788358
0.9800739886364056,0.4856363905892691,0.23154931338420762
1.0023946791445075,0.4905939593741902,0.23476683231876566
1.0247153696526095,0.49556649668946456,0.23801349521171863
1.0470360601607114,0.5005534354465445,0.2412892775498413
1.0693567506688133,0.5055541997071151,0.24459414872982013
1.0916774411769152,0.5105682047605381,0.24792807198249575
1.1139981316850172,0.5155948572052442,0.25129100429809775
1.136318822193119,0.5206335550340753,0.25468289635250946
1.158639512701221,0.5256836877235787,0.2581036924346109
1.180960203209323,0.5307446363272561,0.2615533303747396
1.2032808937174257,0.5358157735727623,0.2650317414743153
1.2256015842255277,0.5408964639630504,0.2685388504366685
1.2479222747336296,0.5459860638814609,0.2720745752991214
1.2702429652417315,0.5510839217007427,0.2756388273663598
1.2925636557498335,0.5561893778959979,0.2792315111451414
1.3148843462579345,0.561301765161538,0.28285252428038427
1.3372050367660373,0.5664204085316387,0.28650175749267953
1.3595257272741383,0.5715446255051734,0.29017909451726653
1.3818464177822412,0.5766737261741133,0.2938844120445231
1.404167108290344,0.5818070133558659,0.2976175796620017
1.426487798798445,0.5869437827294349,0.30137845979806605
1.4488084893065478,0.5920833229753784,0.3051669076671634
1.4711291798146489,0.5972249159195271,0.30898277121677553
1.4934498703227517,0.6023678366804521,0.3128258910760955
1.5157705608308527,0.6075113538206308,0.3166961005064645
1.5380912513389555,0.6126547295012955,0.32059322535361945
1.5604119418470566,0.6177972196409144,0.3245170840017822
1.5827326323551594,0.6229380740772813,0.3284674873296431
1.6050533228632604,0.6280765367331596,0.33244423866826694
1.6273740133713632,0.6332118457854535,0.33644713376097435
1.6496947038794643,0.6383432338378492,0.34047596072522535
1.672015394387567,0.6434699280968909,0.344530500016558
1.6943360848956681,0.6485911505514336,0.3486105243946075
1.716656775403771,0.6537061181554333,0.3527157988912565
1.7389774659118737,0.6588140430140091,0.3568460807809443
1.7612981564199748,0.663914132572735,0.3610011195531792
1.7836188469280776,0.6690055898100981,0.3651806568872889
1.8059395374361786,0.6740876134330638,0.36938442662944104
1.8282602279442814,0.6791593980756943,0.373612154771978
1.8505809184523825,0.684220134500746,0.37786355943509004
1.8729016089604853,0.6892690098041974,0.3821383508508724
1.8952222994685863,0.6943052076226208,0.38643623134978905
1.9175429899766891,0.6993279083433517,0.39075689534958574
1.9398636804847902,0.7043362893173635,0.39510002934667443
1.962184370992893,0.709329525074794,0.39946531191003176
1.984505061500994,0.7143067875430332,0.40385241367762886
2.006825752009097,0.7192672462673131,0.40826099735543636
2.029146442517198,0.7242100686337033,0.41269071771901855
2.0514671330253007,0.7291344200944508,0.4171412216177599
2.0737878235334035,0.734039464395568,0.42161214798173546
2.0961085140415046,0.7389243638065943,0.42610312783126475
2.1184292045496074,0.7437882793524471,0.43061378428916636
2.1407498950577084,0.7486303710472657,0.4351437325957371
2.163070585565811,0.7534497981301771,0.4396925801264858
2.1853912760739123,0.7582457193028749,0.4442599264126344
2.207711966582015,0.7630172929689396,0.4488453631644163
2.230032657090116,0.767763677474789,0.45344847429718416
2.252353347598219,0.7724840313521829,0.45806883596035347
2.27467403810632,0.7771775135621707,0.4627060165691923
2.2969947286144228,0.7818432837403995,0.467359576839482
2.319315419122524,0.7864805024436716,0.4720290698250543
2.3416361096306266,0.791088331397665,0.47671404095823244
2.3639568001387277,0.7956659337457052,0.48141402809317324
2.3862774906468305,0.8002124742984975,0.4861285615521398
2.4085981811549333,0.8047271197847067,0.49085716417469866
2.4309188716630343,0.8092090391022898,0.49559935136986444
2.453239562171137,0.8136574035704736,0.5003546311711933
2.475560252679238,0.8180713871822681,0.5051225042948303
2.497880943187341,0.8224501668574186,0.5099024642005265
2.520201633695442,0.826792922695677,0.5146939971556147
2.542522324203545,0.8310988382302996,0.5194965823019637
2.564843014711646,0.8353671006816471,0.5243096917258978
2.5871637052197487,0.8395969012107904,0.5291327905310945
2.6094843957278497,0.8437874351730046,0.5339653369144477
2.6318050862359526,0.847937902371046,0.5388067822449059
2.6541257767440536,0.8520475073080963,0.54365657114527
2.6764464672521564,0.8561154594402699,0.5485141415769565
2.6987671577602574,0.8601409734285637,0.5533789249277086
2.7210878482683603,0.8641232693901486,0.5582503461022589
2.743408538776463,0.8680615731488804,0.5631278236159222
2.765729229284564,0.8719551164849254,0.5680107696911176
2.788049919792667,0.875803137383387,0.5728985903568042
2.810370610300768,0.879604880281816,0.5777906855508107
2.8326913008088708,0.8833595963165032,0.582686449225056
2.855011991316972,0.8870665435674296,0.5875852694536309
2.8773326818250746,0.8907249873017757,0.5924865285437351
2.8996533723331757,0.8943342002158651,0.5973896031494381
2.9219740628412785,0.8978934626754436,0.6022938643882539
2.9442947533493795,0.9014020629541728,0.607198677960498
2.9666154438574823,0.9048592974702369,0.6121034042714099
2.9889361343655834,0.9082644710209425,0.6170073985560084
3.011256824873686,0.9116168970152159,0.621910011006663
3.033577515381787,0.9149158977038728,0.6268105869033387
3.05589820588989,0.9181608044075688,0.6317084667465014
3.078218896397993,0.9213509577423101,0.6366029863926355
3.100539586906094,0.9244857078424283,0.6414934771923549
3.1228602774141967,0.9275644145809067,0.6463792661310668
3.1451809679222977,0.9305864477869575,0.6512596759721493
3.1675016584304005,0.9335511874607468,0.6561340254026162
3.1898223489385016,0.9364580239851613,0.6610016291812177
3.2121430394466044,0.9393063583345201,0.6658617982889501
3.2344637299547054,0.9420956022801295,0.6707138400819203
3.2567844204628082,0.9448251785925821,0.6755570584465347
3.2791051109709093,0.9474945212407017,0.6803907539569577
3.301425801479012,0.950103075587042,0.6852142240348036
3.323746491987113,0.9526502985798408,0.6900267631110061
3.346067182495216,0.9551356589413373,0.6948276627898274
3.368387873003317,0.9575586373523638,0.6996162120149458
3.39070856351142,0.9599187266331184,0.7043916972375847
3.4130292540195226,0.9622154319200338,0.7091534025866144
3.4353499445276237,0.9644482708386531,0.7139006100405909
3.4576706350357265,0.9666167736724309,0.7186325996016654
3.4799913255438275,0.9687204835273749,0.7233486494713092
3.5023120160519303,0.9707589564924473,0.728048036227806
3.5246327065600314,0.9727317617956485,0.7327300350054403
3.546953397068134,0.974638481955707,0.7373939196753367
3.569274087576235,0.976478712929296,0.7420389630278748
3.591594778084338,0.9782520642537103,0.7466644369566335
3.613915468592439,0.9799581591849289,0.7512696126437867
3.636236159100542,0.9815966348309968,0.7558537607469002
3.658556849608643,0.9831671422806569,0.760416151587054
3.6808775401167457,0.9846693467271742,0.7649560553382339
3.7031982306248468,0.9861029275872837,0.769472742217915
3.7255189211329496,0.9874675786152091,0.7739654826787813
3.7478396116410524,0.9887630080116891,0.7784335476015002
3.7701603021491534,0.9899889385279643,0.7828762084884935
3.7924809926572562,0.9911451075646667,0.7872927376586275
3.8148016831653573,0.9922312672655648,0.7916824084427511
3.83712237367346,0.9932471846061186,0.796044495380017
3.859443064181561,0.9941926414767982,0.8003782744148995
3.881763754689664,0.9950674347611247,0.8046830230948532
3.904084445197765,0.9958713764083963,0.8089580207685194
3.926405135705868,0.9966042935010595,0.8132025487844227
3.948725826213969,0.9972660283166946,0.8174158906900667
3.9710465167220717,0.9978564383845844,0.8215973324313671
3.9933672072301727,0.9983753965368349,0.8257461625523316
4.0156878977382755,0.9988227909540262,0.8298616723949226
4.0380085882463765,0.9991985252053657,0.8339431562990121
4.060329278754479,0.9995025182833304,0.8379899118023634
4.082649969262582,0.9997347046327735,0.8420012398405495
4.104970659770683,0.9998950341744847,0.8459764449467375
4.127291350278786,0.999983472323193,0.8499148354512568
4.149612040786887,1.0,0.8538157236808691
4.17193273129499,0.9999446136392394,0.8576784261576664
4.194253421803091,0.9998173251897602,0.8615022637975098
4.216574112311194,0.9996181621106285,0.8652865621079369
4.238894802819295,0.9993471673612574,0.8690306513854479
4.261215493327398,0.9990043993859617,0.8727338669121028
4.283536183835499,0.9985899320929521,0.8763955491513337
4.305856874343601,0.9981038548277746,0.8800150439429083
4.3281775648517025,0.9975462723412125,0.8835917026969495
4.350498255359805,0.9969173047516622,0.8871248825869429
4.372818945867906,0.9962170875020083,0.890613946741642
4.395139636376009,0.9954457713110128,0.8940582644358014
4.417460326884112,0.9946035221192472,0.8974572112796474
4.439781017392213,0.9936905210295939,0.9008101694070162
4.462101707900316,0.9927069642423463,0.9041165276620748
4.484422398408417,0.9916530629849385,0.9073756817845473
4.50674308891652,0.9905290434363442,0.9105870345933695
4.529063779424621,0.9893351466461783,0.9137499961686906
4.5513844699327235,0.9880716284485426,0.9168639840321504
4.5737051604408245,0.9867387593706627,0.9199284233253465
4.596025850948927,0.9853368245363548,0.922942746986425
4.618346541457028,0.983866123564377,0.9259063959247078
4.640667231965131,0.9823269704617122,0.9288188191932947
4.662987922473232,0.9807196935118373,0.9316794741595501
4.685308612981335,0.9790446351580337,0.934487826673417
4.707629303489436,0.9773021518817971,0.9372433512334699
4.729949993997539,0.9754926140764076,0.9399455311506474
4.752270684505642,0.9736164059157232,0.942593858709583
4.774591375013743,0.9716739252182598,0.9451878353274716
4.796912065521846,0.9696655833066276,0.9477269717103964
4.819232756029947,0.9675918048623912,0.9502107880070493
4.841553446538049,0.965453027776427,0.9526388139597814
4.8638741370461505,0.9632497029948506,0.9550105890529085
4.886194827554253,0.9609822943605889,0.9573256626582146
4.908515518062354,0.9586512784506788,0.9595835941775843
4.930836208570457,0.9562571444093659,0.9617839531827036
4.953156899078558,0.9538003937770946,0.9639263195517621
4.975477589586661,0.9512815403154602,0.9660102836031043
4.997798280094762,0.948701109828223,0.9680354462257609
5.020118970602865,0.9460596399784581,0.9700014190068118
5.042439661110966,0.9433576801019422,0.9719078243555132
5.064760351619069,0.9405957910168572,0.9737542956241434
5.0870810421271715,0.9377745448299103,0.9755404772255053
5.1094017326352725,0.9348945247389616,0.9772660247470389
5.131722423143375,0.9319563248322533,0.9789306050614879
5.154043113651476,0.9289605498843403,0.9805338964340728
5.176363804159579,0.9259078151488171,0.9820755886261237
5.19868449466768,0.9227987461479428,0.983555382995121
5.221005185175783,0.9196339784592621,0.984972992591107
5.243325875683884,0.9164141574993288,0.986328142249414
5.265646566191987,0.9131399383046271,0.9876205686796791
5.287967256700088,0.9098119853098038,0.9888500205510947
5.310287947208191,0.9064309721233079,0.9900162585738628
5.332608637716292,0.9029975813005509,0.9911190555768137
5.354929328224395,0.8995125041146861,0.9921581965811538
5.377250018732496,0.8959764403251261,0.9931334788703088
5.3995707092405985,0.8923900979438918,0.9940447120558333
5.421891399748701,0.8887541929999172,0.9948917181393506
5.444212090256802,0.8850694493014087,0.9956743315705027
5.466532780764905,0.8813365981963718,0.9963923993008769
5.488853471273006,0.8775563783314212,0.9970457808338884
5.511174161781109,0.8737295354089744,0.9976343482705952
5.53349485228921,0.8698568219429527,0.9981579863514233
5.555815542797313,0.8659389970130892,0.9986165924937858
5.578136233305414,0.8619768260179672,0.9990100768255749
5.600456923813517,0.8579710804268901,0.9993383622145159
5.622777614321618,0.8539225375307019,0.9996013842933645
5.6450983048297205,0.8498319801916701,0.9997990914809428
5.667418995337822,0.8457001965925391,0.9999314449989958
5.689739685845924,0.8415279799848672,0.9999984188848702
5.712060376354025,0.8373161284367644,1.0
5.734381066862128,0.8330654445801325,0.999936188034204
5.756701757370231,0.8287767353575299,0.9998069955057859
5.779022447878332,0.8244508117687621,0.9996124477574425
5.801343138386435,0.8200884886173131,0.9993525829479777
5.823663828894536,0.8156905842567314,0.9990274520398287
5.845984519402639,0.8112579203370684,0.998637118782409
5.86830520991074,0.8067913215514936,0.9981816596912773
5.890625900418843,0.8022916153831785,0.9976611640231384
5.912946590926944,0.7977596318525716,0.9970757337466915
5.9352672814350464,0.7931962032651575,0.9964254835093371
5.9575879719431475,0.7886021639598204,0.9957105405997576
5.97990866245125,0.7839783500578991,0.9949310449063901
6.002229352959351,0.7793255992130576,0.9940871488718092
6.024550043467454,0.7746447503620552,0.9931790174430395
6.046870733975555,0.7699366434765336,0.9922068280178249
6.069191424483658,0.7652021193159093,0.9911707703868726
6.091512114991761,0.7604420191814821,0.990071046672105
6.113832805499862,0.7556571846718477,0.988907871260942
6.136153496007965,0.7508484574397184,0.9876814707366469
6.158474186516066,0.746016678950248,0.9863920838047667
6.1807948770241685,0.7411626902409482,0.9850399612156999
6.20311556753227,0.7362873316833005,0.9836253656834268
6.225436258040372,0.7313914427461433,0.9821485718004415
6.247756948548473,0.726475861760936,0.9806098659489189
6.270077639056576,0.7215414256889786,0.9790095462081637
6.292398329564677,0.7165889698906818,0.9773479222583784
6.31471902007278,0.7116193278969675,0.9756253152807941
6.337039710580881,0.7066333311828863,0.973842057854213
6.359360401088984,0.7016318089435342,0.9719984938480034
6.381681091597085,0.6966155878723475,0.9700949783116021
6.404001782105188,0.6915854919418541,0.9681318773605666
6.426322472613291,0.6865423421869634,0.9661095680592365
6.448643163121392,0.68148695649086,0.9640284383000473
6.4709638536294944,0.6764201493735839,0.961888886679559
6.4932845441375955,0.6713427317833646,0.9596913223712524
6.515605234645698,0.6662555108907757,0.9574361649951455
6.537925925153799,0.6611592898857862,0.955123844484295
6.560246615661902,0.6560548677777592,0.9527548009482373
6.582567306170003,0.6509430391984815,0.9503294845334338
6.604887996678106,0.6458245942082651,0.9478483552807767
6.627208687186207,0.6407003181051965,0.9453118829802256
6.64952937769431,0.6355709912375801,0.9427205470226323
6.671850068202411,0.6304373888196407,0.9400748362488249
6.694170758710514,0.6253002807505268,0.9373752487960135
6.716491449218615,0.6201604314366794,0.9346222919415872
6.7388121397267176,0.6150185996176037,0.9318164819443693
6.76113283023482,0.6098755381950999,0.928958343883405
6.783453520742921,0.6047319940659907,0.9260484114943428
6.805774211251024,0.5995887079583918,0.9230872270034902
6.828094901759125,0.5944464142715717,0.9200753409596113
6.850415592267228,0.5893058409194238,0.9170133120635386
6.872736282775329,0.5841677091776075,0.913901706995677
6.895056973283432,0.5790327335343737,0.9107411002414664
6.917377663791533,0.573901621545122,0.9075320739148914
6.939698354299636,0.5687750736907078,0.904275217580096
6.962019044807737,0.5636537832395367,0.9009711280711972
6.98433973531584,0.5585384361134635,0.8976204093103625
7.006660425823941,0.5534297107575274,0.8942236721242345
7.0289811163320435,0.5483282780135373,0.8907815340587781
7.0513018068401445,0.5432348009975333,0.8872946191926301
7.073622497348247,0.538149934981135,0.8837635579490288
7.09594318785635,0.5330743272767992,0.8801889869064038
7.118263878364451,0.528008617126993,0.8765715486077054
7.140584568872554,0.5229534355972949,0.8729118913685494
7.162905259380655,0.5179094054734397,0.8692106690842674
7.185225949888758,0.5128771411623007,0.8654685410359272
7.207546640396859,0.5078572485968287,0.8616861716954201
7.229867330904962,0.5028503251449373,0.8578642305296806
7.252188021413063,0.4978569595223461,0.8540033918041328
7.2745087119211655,0.492877731709372,0.8501043343854293
7.296829402429267,0.4879132128716717,0.8461677415435768
7.319150092937369,0.4829639652849258,0.8421943007535168
7.34147078344547,0.47803054226346087,0.8381847034962527
7.363791473953573,0.473113488092796,0.8341396450595918
7.386112164461674,0.4682133379661103,0.8300598243385922
7.408432854969777,0.4633306179246081,0.8259459436357856
7.43075354547788,0.45846584480177965,0.8217987084612642
7.453074235985981,0.45361952617152923,0.8176188273327019
7.475394926494084,0.4487921603001603,0.8134070115753917
7.497715617002185,0.4439842361021963,0.8091639751223827
7.520036307510288,0.4391962331000122,0.8048904343147839
7.542356998018389,0.43442862138725846,0.8005871077023227
7.5646776885264915,0.4296818615960474,0.7962547158442254
7.5869983790345925,0.42495640486788183,0.7918939811105062
7.609319069542695,0.4202526928282886,0.7875056274837279
7.631639760050796,0.4155711575651397,0.7830903803613232
7.653960450558899,0.41091222161061586,0.7786489663585358
7.676281141067,0.4062762979267938,0.7741821131120711
7.698601831575103,0.40166378989480983,0.7696905490845134
7.720922522083204,0.39707509130757734,0.7651750033695963
7.743243212591307,0.39251058636600794,0.7606362054983842
7.76556390309941,0.38797064967871076,0.7560748852464476
7.787884593607511,0.3834556462651211,0.7514917724420935
7.8102052841156135,0.37896593156201963,0.7468875967757209
7.832525974623715,0.3745018514334072,0.7422630876103754
7.854846665131817,0.370063742183678,0.737618973793558
7.877167355639918,0.36565193057406353,0.7329559834703696
7.899488046148021,0.36126673384228525,0.7282748438980383
7.921808736656122,0.35690845972538476,0.7235762812619116
7.944129427164225,0.35257740648567054,0.7188610204929579
7.966450117672326,0.3482738629397431,0.7141297850868573
7.988770808180429,0.3439981084905412,0.7093832969247253
8.011091498688529,0.3397504131623659,0.7046222760955433
8.033412189196632,0.3355310376388225,0.6998474407203409
8.055732879704735,0.33134023330363915,0.695059506778201
8.078053570212838,0.32717824228429676,0.6902591879341308
8.10037426072094,0.32304529749842786,0.6854471953688599
8.12269495122904,0.3189416227029228,0.6806242376106204
8.145015641737142,0.31486743254568805,0.6757910203689527
8.167336332245245,0.31082293262001015,0.6709482463706028
8.189657022753348,0.3068083195214544,0.6660966151975416
8.211977713261447,0.30282378090725437,0.6612368231271711
8.23429840376955,0.2988694955581247,0.6563695629747515
8.256619094277653,0.29494563344245084,0.6514955239381086
8.278939784785756,0.2910523557827848,0.6466153914446495
8.301260475293855,0.28718981512459746,0.6417298470007439
8.323581165801958,0.2833581554072218,0.6368395680434982
8.34590185631006,0.27955751203693685,0.6319452277949807
8.368222546818163,0.275788011962121,0.6270474951189176
8.390543237326263,0.2720497737504244,0.6221470343799075
8.412863927834366,0.2683429076678925,0.6172445053051865
8.435184618342468,0.2646675157599909,0.612340562848985
8.457505308850571,0.26102369193445896,0.6074358570594962
8.479825999358674,0.2574115220459404,0.6025310329484985
8.502146689866773,0.2538310839823261,0.5976267303636584
8.524467380374876,0.2502824477527495,0.5927235838635383
8.546788070882979,0.24676567557717716,0.5878222225953468
8.569108761391082,0.24328082197752834,0.582923270175443
8.591429451899181,0.23982793387026613,0.5780273445726307
8.613750142407284,0.23640705066039955,0.5731350579942545
8.636070832915387,0.23301820433683917,0.5682470167751336
8.65839152342349,0.2296614195690398,0.5633638212693364
8.680712213931589,0.2263367138048768,0.5584860657448247
8.703032904439691,0.22304409736969022,0.5536143382809781
8.725353594947794,0.21978357356644737,0.5487492206690245
8.747674285455897,0.21655513877695198,0.5438912883153745
8.769994975964,0.2133587825640515,0.539041110147885
8.7923156664721,0.21019448777477975,0.5341992485250578
8.814636356980202,0.20706223064437576,0.5293662591481808
8.836957047488305,0.20396198090112794,0.5245426909764279
8.859277737996408,0.2008937018719768,0.5197290861449128
8.881598428504507,0.19785735058882875,0.514925979885712
8.90391911901261,0.19485287789551572,0.5101339004518517
8.926239809520712,0.1918802285553575,0.5053533690442739
8.948560500028815,0.18893934135925716,0.5005848997417661
8.970881190536915,0.18603014923428732,0.4958289994338707
8.993201881045017,0.18315257935270307,0.4910861677567563
9.01552257155312,0.18030655324134034,0.4863568970320669
9.037843262061223,0.17749198689133452,0.48164167220872517
9.060163952569322,0.1747087908681151,0.47694097080769865
9.082484643077425,0.1719568704216218,0.4722552628697107
9.104805333585528,0.16923612559669532,0.4675850109059032
9.12712602409363,0.16654645134358717,0.4629306698514231
9.149446714601734,0.16388773762854275,0.45829268702193526
9.171767405109833,0.16125986954441052,0.45367150207304685
9.194088095617936,0.15866272742122384,0.44906754696262285
9.216408786126038,0.1560961869367177,0.44448124591599425
9.238729476634141,0.15356011922672444,0.43991301539402494
9.26105016714224,0.15105439099540913,0.4353632640640336
9.283370857650343,0.14857886462529754,0.4308323927735451
9.305691548158446,0.1461333982870563,0.4263207945268628
9.328012238666545,0.1437178460489772,0.4218288544644281
9.350332929174648,0.14133205798612603,0.41735694984495386
9.372653619682751,0.13897588028911864,0.4129054500303149
9.394974310190854,0.1366491553724762,0.40847471647315947
9.417295000698953,0.13435172198252665,0.4040651027072288
9.439615691207056,0.13208341530480938,0.39967695434035144
9.461936381715159,0.12984406707095095,0.395310609050097
9.484257072223262,0.127633505664968,0.3909663965820497
9.506577762731364,0.1254515562289674,0.386644638750682
9.528898453239464,0.12329804076820541,0.38234564944279925
9.551219143747566,0.12117277825547217,0.3780697346235192
9.57353983425567,0.11907558473477135,0.37381719234476846
9.595860524763772,0.11700627342425857,0.36958831275625004
9.618181215271871,0.11496465481840905,0.3653833781188611
9.640501905779974,0.11295053678938399,0.3612026628205204
9.662822596288077,0.11096372468756929,0.3570464333943812
9.68514328679618,0.10900402144125146,0.3529149485393848
9.707463977304279,0.10707122765540956,0.348808459143128
9.729784667812382,0.10516514170959186,0.3447272083070018
9.752105358320485,0.10328555985485666,0.3406714313735764
9.774426048828587,0.10143227630974608,0.33664135595618216
9.79674673933669,0.09960508335527395,0.3326372019706582
9.81906742984479,0.0978037714289035,0.3286591816692295
9.841388120352892,0.09602812921748986,0.324707499676469
9.863708810860995,0.09427794374917277,0.32078235302731584
9.886029501369098,0.09255300048419172,0.31688393120709896
9.908350191877197,0.09085308340461018,0.3130124161935352
9.9306708823853,0.08917797510292517,0.30916798250065286
9.952991572893403,0.08752745686955149,0.3053507972246145
9.975312263401506,0.08590130877915698,0.30156102009137953
9.997632953909605,0.0842993097758367,0.2977988035061815
10.019953644417708,0.08272123775711022,0.29406429260476497
10.04227433492581,0.08116686965672992,0.29035762530635567
10.064595025433913,0.07963598152628347,0.2866789323683051
10.086915715942013,0.07812834861558059,0.28302833744237826
10.109236406450115,0.07664374545181177,0.279405957132637
10.131557096958218,0.07518194591747028,0.2758119010548815
10.153877787466321,0.07374272332702389,0.2722462718975986
10.176198477974424,0.07232585050232992,0.2687091654843809
10.198519168482523,0.07093109984678538,0.26520067083777116
10.220839858990626,0.06955824341820264,0.2617208702444858
10.243160549498729,0.06820705300040751,0.2582698393219819
10.265481240006832,0.06687730017354983,0.25484764708631436
10.28780193051493,0.06556875638312407,0.25145435602124727
10.310122621023034,0.06428119300769429,0.24809002214857073
10.332443311531136,0.06301438142532137,0.2447546950995874
10.35476400203924,0.061768093078686866,0.24144841818771517
10.377084692547339,0.060542099538914075,0.23817122848217115
10.399405383055441,0.05933617256808185,0.23492315688268725
10.421726073563544,0.058150084180434006,0.23170422819522254
10.444046764071647,0.05698360670228013,0.22851446120861996
10.46636745457975,0.055836512830591066,0.22535386877217045
10.488688145087849,0.054708575690288655,0.22222245787404138
10.511008835595952,0.05359956889023165,0.2191202297205229
10.533329526104055,0.05250926657790209,0.21604717981605814
10.555650216612158,0.05143744349279122,0.21300329804400525
10.577970907120257,0.05038387501849217,0.20998856874809643
10.60029159762836,0.049348337233500766,0.20700297081454894
10.622612288136462,0.04833060696073212,0.20404647775479212
10.644932978644565,0.047330461815754406,0.20111905778876113
10.667253669152664,0.04634768025374882,0.1982206739287246
10.689574359660767,0.04538204161519996,0.1953512840635999
10.71189505016887,0.044433326170324916,0.19251084104372368
10.734215740676973,0.0435013151622468,0.18969929276602882
10.756536431185072,0.04258579084892133,0.18691658225959673
10.778857121693175,0.0416865365438243,0.18416264777153935
10.801177812201278,0.040803336655409236,0.18143742285318135
10.82349850270938,0.03993597672534296,0.17874083644649466
10.845819193217483,0.03908424346552987,0.17607281297075503
10.868139883725583,0.038247924793934164,0.17343327240938075
10.890460574233686,0.03742680986920954,0.1708221303969159
10.912781264741788,0.03662068912414943,0.16823929830612805
10.935101955249891,0.035829354297965695,0.1656846833351751
10.95742264575799,0.03505259846740915,0.16315818859481568
10.979743336266093,0.034290216076742576,0.16065971319562045
11.002064026774196,0.033542002966579665,0.1581891523351596
11.024384717282299,0.03280775640160018,0.15574639738512258
11.046705407790398,0.03208727509715529,0.15333133597834533
11.069026098298501,0.03138035924477515,0.15094385209570688
11.091346788806604,0.030686810536593553,0.14858382615286997
11.113667479314707,0.03000643218870024,0.14625113508682674
11.13598816982281,0.02933902896343697,0.1439456524422243
11.158308860330909,0.02868440719065002,0.14166724845743806
11.180629550839011,0.02804237478791324,0.13941579015036268
11.202950241347114,0.027412741279736592,0.13719114140389488
11.225270931855217,0.026795317815773673,0.13499316305107437
11.247591622363316,0.026189917188043643,0.13282171295986042
11.26991231287142,0.025596353847181418,0.13067664611751223
11.292233003379522,0.025014443917732786,0.12855781471455272
11.314553693887625,0.024444005212507315,0.12646506822828243
11.336874384395724,0.023884857246006117,0.1243982535058242
11.359195074903827,0.02333682124693817,0.12235721484666938
11.38151576541193,0.022799720169842677,0.12034179408470755
11.403836455920032,0.022273378705830748,0.1183518306697086
11.426157146428132,0.021757623292463682,0.11638716174824117
11.448477836936235,0.021252282122782146,0.11444762224399986
11.470798527444337,0.02075718515350383,0.112533044937526
11.49311921795244,0.020272164112403304,0.11064326054529385
11.515439908460543,0.0197970525048912,0.10877809779814758
11.537760598968642,0.019331685619808362,0.10693738351906687
11.560081289476745,0.018875900534450152,0.10512094270024153
11.582401979984848,0.018429536118838387,0.10332859857944054
11.60472267049295,0.017992433039254577,0.10156017271565267
11.62704336100105,0.01756443376105237,0.09981548506398515
11.649364051509153,0.017145382550763682,0.09809435404980177
11.671684742017256,0.016735125477515385,0.09639659664208793
11.694005432525358,0.01633351041377153,0.09472202842602277
11.716326123033458,0.0159403870354173,0.09307046367474753
11.73864681354156,0.015555606821200227,0.09144171542031296
11.760967504049663,0.01517902305154475,0.08983559552379762
11.783288194557766,0.014810490806755023,0.08825191474457734
11.805608885065869,0.014449866964622088,0.08669048280873944
11.827929575573968,0.01409701019745051,0.08515110847662721
11.850250266082071,0.013751780968519844,0.083633599609504
11.872570956590174,0.013414041527996778,0.08213776323532898
11.894891647098277,0.013083655908312187,0.0806634056136306
11.917212337606376,0.012760489919018712,0.07921033229947236
11.939533028114479,0.012444411141143719,0.07777834820649925
11.961853718622582,0.012135288921052834,0.07636725766906069
11.984174409130684,0.01183299436383791,0.07497686450339797
12.006495099638784,0.01153740032624482,0.07360697206789243
12.028815790146886,0.011248381409154939,0.0722573833223661
12.05113648065499,0.010965813949635448,0.07092790088643192
12.073457171163092,0.010689576012571502,0.069618327096884
12.095777861671191,0.010419547381895215,0.06832846406412689
12.118098552179294,0.010155609551424773,0.06705811372763665
12.140419242687397,0.009897645715328009,0.06580707791045384
12.1627399331955,0.00964554075822313,0.06457515837270074
12.185060623703603,0.009399181244930816,0.06336215686412314
12.207381314211702,0.009158455409890381,0.062167875175653836
12.229702004719805,0.008923253146253278,0.060992115189994804
12.252022695227907,0.00869346599466696,0.05983467893121985
12.27434338573601,0.008468987131761458,0.058695368613393
12.29666407624411,0.008249711358351503,0.05757398668820561
12.318984766752212,0.008035535087366331,0.05647033589162965
12.341305457260315,0.007826356331519693,0.05538421928959128
12.363626147768418,0.007622074690731545,0.05431544032266148
12.385946838276517,0.007422591339313717,0.053263802849768435
12.40826752878462,0.007227809012930602,0.05222911119093132
12.430588219292723,0.007037631995347081,0.05121117016902048
12.452908909800826,0.006851966104974008,0.05020978515054322
12.475229600308928,0.00667071868122299,0.0492247620854608
12.497550290817028,0.006493798570680867,0.04825590754603946
12.51987098132513,0.0063211161131146686,0.047303028764737874
12.542191671833233,0.006152583127317748,0.046365933671138386
12.564512362341336,0.0059881128968067845,0.045444430927922705
12.586833052849435,0.005827620155380197,0.0445383299658997
12.609153743357538,0.005671021072547484,0.04364744101808885
12.631474433865641,0.005518233238839555,0.04277157515286672
12.653795124373744,0.005369175651008902,0.04191054430617983
12.676115814881843,0.0052237686971294,0.04106416131283225
12.698436505389946,0.0050819341416044935,0.04023223993685245
12.720757195898049,0.004943595110092781,0.03941459490094876
12.743077886406152,0.004808676074359499,0.038611041915057064
12.76539857691425,0.0046771028370625085,0.037821397703990976
12.787719267422354,0.004548802516480867,0.037045480034199635
12.810039957930456,0.004423703531194353,0.036283107739643536
12.83236064843856,0.004301735584721408,0.03553410074679366
12.854681338946662,0.004182829650123491,0.03479828009876382
12.877002029454761,0.004066917954583224,0.03407546797858465
12.899322719962864,0.003953933963963434,0.033365487731626856
12.921643410470967,0.003843812367354599,0.03266816388718427
12.94396410097907,0.0037364890616171527,0.031983322179223915
12.966284791487169,0.003631901135925623,0.03131078956631418
12.988605481995272,0.0035299868563210186,0.030650394250738813
13.010926172503375,0.003430685650277983,0.030001965696808283
13.033246863011478,0.0033339380912925883,0.029365334648376217
13.055567553519577,0.0032396858834969726,0.02874033314557285
13.07788824402768,0.00314787184630644,0.02812679454076369
13.100208934535782,0.0030584398991049216,0.027524553513745595
13.122529625043885,0.0029713350459738084,0.026933446086188573
13.144850315551988,0.002886503360469789,0.026353309635335644
13.167171006060087,0.0028038919704565925,0.02578398290696998
13.18949169656819,0.0027234490429955613,0.025225306027660425
13.211812387076293,0.0026451237692999077,0.024677120516297085
13.234133077584396,0.002568866349757081,0.02413926929492611
13.256453768092495,0.002494627979023775,0.023611596698896262
13.278774458600598,0.0024223608311977184,0.023093948486327
13.3010951491087,0.002352018045070522,0.022586171846910717
13.323415839616803,0.00228355370946527,0.022088115410058458
13.345736530124903,0.00221692284866285,0.021599629252401893
13.368057220633005,0.002152081407920441,0.02112056490466156
13.390377911141108,0.0020889862390858823,0.02065077535789406
13.412698601649211,0.0020275950863109793,0.020190115069128108
13.43501929215731,0.0019678665718671218,0.019738439966401667
13.457339982665413,0.001909760182066088,0.0192956074532111
13.479660673173516,0.0018532362532891252,0.018861476412384507
13.501981363681619,0.0017982559581268547,0.018435907209389344
13.524302054189722,0.0017447812916327214,0.018018761695086875
13.546622744697821,0.0016927750576924867,0.017609903207944304
13.568943435205924,0.0016422008555120257,0.01720919657571581
13.591264125714027,0.0015930230662258111,0.016816508116604678
13.61358481622213,0.0015452068396279717,0.016431705639916656
13.635905506730229,0.001498718081028082,0.016054658446216914
13.658226197238331,0.001453523438233416,0.015685237327000934
13.680546887746434,0.0014095902886595033,0.015323314563891828
13.702867578254537,0.0013668867265704883,0.014968763927373792
13.725188268762636,0.00132538155045091,0.014621460675074029
13.74750895927074,0.0012850442505101956,0.014281281549603349
13.769829649778842,0.0012458449963212732,0.013948104775967559
13.792150340286945,0.0012077546245943605,0.013621810058559423
13.814471030795048,0.0011707446270871023,0.0133022785777428
13.836791721303147,0.0011347871386519822,0.01298939298603986
13.85911241181125,0.0010998549254218996,0.012683037403931499
13.881433102319352,0.0010659213731347443,0.01238309741528276
13.903753792827455,0.0010329604755975805,0.012089460062402569
13.926074483335555,0.0010009468232910909,0.011802013840749321
13.948395173843657,0.0009698555921147786,0.011520648693292022
13.97071586435176,0.0009396625322734,0.011245256004538268
13.993036554859863,0.0009103439573048879,0.01097572859423809
14.015357245367962,0.0008818767332500974,0.010711960710774893
14.037677935876065,0.000854238267964521,0.010453848024252727
14.059998626384168,0.0008274065005721436,0.010201287619290735
14.08231931689227,0.0008013598910613732,0.009954177987533558
14.10464000740037,0.0007760774100231036,0.009712419019888351
14.126960697908473,0.0007515385285307362,0.009475911998497349
14.149281388416576,0.0007277232081620681,0.009244559588456158
14.171602078924678,0.0007046118911627049,0.00901826582928651
14.193922769432781,0.0006821854907507845,0.008796936126173122
14.21624345994088,0.0006604253815626234,0.008580477240973888
14.238564150448983,0.0006393133902388357,0.008368797283011981
14.260884840957086,0.00061883178615052,0.00816180569965955
14.283205531465189,0.0005989632722649087,0.007959413266720946
14.305526221973288,0.000579690976149952,0.007761532078624753
14.327846912481391,0.000560998441117165,0.007568075538432731
14.350167602989494,0.0005428696175021114,0.007378958347674684
14.372488293497597,0.0005252888540817399,0.007194096496016682
14.394808984005696,0.000508240889627833,0.007013407250771564
14.417129674513799,0.0004917108445957472,0.006836809146259123
14.439450365021901,0.0004756842129476132,0.006664221973024484
14.461771055530004,0.00046014685410906134,0.006495566766921757
14.484091746038107,0.0004450849850585729,0.006330765798071068
14.506412436546206,0.00043048517254849034,0.006169742559696181
14.52873312705431,0.00041633432545667043,0.006012421756850221
14.551053817562412,0.00040261968726777676,0.005858729295036626
14.573374508070515,0.0003893288286831184,0.00570859226873232
14.595695198578614,0.00037644964035797216,0.005561938949820273
14.618015889086717,0.0003639703257652477,0.005418698775937895
14.64033657959482,0.0003518793941843812,0.005278802338748404
14.662657270102923,0.00034016565381425867,0.005142181372141189
14.684977960611022,0.0003288182050090016,0.005008768740367954
14.707298651119125,0.00031782643363538823,0.004878498426120619
14.729619341627227,0.0003071800045507016,0.00475130551855739
14.75194003213533,0.00029686885519972743,0.004627126201282638
14.77426072264343,0.00028688318932964613,0.004505897740286781
14.796581413151532,0.0002772134708215448,0.004387558471851546
14.818902103659635,0.00026785041763724486,0.004272047790426586
14.841222794167738,0.0002587849958801253,0.004159306136482488
14.86354348467584,0.00025000841396862795,0.0040492749843458195
14.88586417518394,0.000241512116921118,0.003941896830021218
14.908184865692043,0.00023328778075072716,0.0038371151790055854
14.930505556200146,0.00022532730696886848,0.0037348745340994925
14.952826246708248,0.00021762281719601485,0.00363512038322032
14.975146937216348,0.00021016664787841348,0.0035377991872220095
14.99746762772445,0.0002029513451093314,0.003442858367725802
15.019788318232553,0.00019596965955348227,0.0033502462949666486
15.042109008740656,0.0001892145414732234,0.0032599122756592326
15.064429699248755,0.00018267913585516253,0.0031718065408880163
15.086750389756858,0.00017635677763576385,0.003085880234025223
15.109071080264961,0.00017024098702459318,0.003002085398680864
15.131391770773064,0.00016432546492378282,0.0029203749666883217
15.153712461281167,0.0001586040884423462,0.002840702746129422
15.176033151789266,0.00015307090650395602,0.0027630234094024554
15.198353842297369,0.0001477201355467834,0.002687292481336542
15.220674532805472,0.00014254615531404216,0.0026134663273558695
15.242995223313574,0.00013754350473382747,0.002541502141696765
15.265315913821674,0.00013270687788690446,0.002471357935680909
15.287636604329776,0.00012803112006104622,0.0024029925260475563
15.30995729483788,0.0001235112238905863,0.0023363655233478056
15.332277985345982,0.00011914232557979598,0.0022714373204035143
15.354598675854081,0.00011491970120875919,0.0022081690808336716
15.376919366362184,0.00011083876312037505,0.0021465227276506976
15.399240056870287,0.00010689505638717417,0.0020864609319292903
15.42156074737839,0.00010308425535659224,0.002027947101549978
15.443881437886489,9.940216027340118e-05,0.001970945370019818
15.466202128394592,9.58446939779643e-05,0.0019154205853722775
15.488522818902695,9.240789867902978e-05,0.0018613382991485284
15.510843509410797,8.90879327997515e-05,0.0018086647554619451
15.5331641999189,8.588106789566412e-05,0.0017573668801478134
15.555484890427,8.27836856433332e-05,0.0017074122700000288
15.577805580935102,7.979227489841466e-05,0.001658769182096405
15.600126271443207,7.690342882188037e-05,0.001611406523214349
